config,datatype,dim,metric,k,cr_k,cr_2k,cr_3k,cr_5k,cr_10k,cr_100,err_spearman,err_resid_std_norm,err_bias
baseline,isotropic,128,l2,10,0.0960,0.1470,0.1840,0.2670,0.3740,0.3740,0.4992,0.8564,0.0000
baseline,isotropic,128,l2,50,0.1664,0.2506,0.3194,0.4276,0.5930,0.2506,0.4992,0.8564,0.0000
baseline,isotropic,128,l2,100,0.2009,0.3146,0.3973,0.5226,0.7161,0.2009,0.4992,0.8564,0.0000
adc,isotropic,128,l2,10,0.1880,0.2800,0.3510,0.4590,0.5880,0.5880,0.6369,0.7574,0.0000
adc,isotropic,128,l2,50,0.2716,0.3966,0.4818,0.6048,0.7702,0.3966,0.6369,0.7574,0.0000
adc,isotropic,128,l2,100,0.3086,0.4554,0.5569,0.6939,0.8621,0.3086,0.6369,0.7574,0.0000
rotation,isotropic,128,l2,10,0.0950,0.1440,0.2000,0.2690,0.3770,0.3770,0.5021,0.8546,0.0000
rotation,isotropic,128,l2,50,0.1608,0.2460,0.3168,0.4200,0.5956,0.2460,0.5021,0.8546,0.0000
rotation,isotropic,128,l2,100,0.1995,0.3134,0.3957,0.5263,0.7123,0.1995,0.5021,0.8546,0.0000
adc_rot,isotropic,128,l2,10,0.1850,0.3020,0.3770,0.4600,0.6030,0.6030,0.6372,0.7574,-0.0000
adc_rot,isotropic,128,l2,50,0.2602,0.3864,0.4778,0.6058,0.7762,0.3864,0.6372,0.7574,-0.0000
adc_rot,isotropic,128,l2,100,0.3027,0.4535,0.5500,0.6934,0.8595,0.3027,0.6372,0.7574,-0.0000
baseline,isotropic,128,cosine,10,0.1360,0.2030,0.2580,0.3490,0.4650,0.4650,0.6168,0.7702,-0.0000
baseline,isotropic,128,cosine,50,0.2232,0.3244,0.4076,0.5278,0.6960,0.3244,0.6168,0.7702,-0.0000
baseline,isotropic,128,cosine,100,0.2568,0.3959,0.4918,0.6285,0.8126,0.2568,0.6168,0.7702,-0.0000
adc,isotropic,128,cosine,10,0.1240,0.1980,0.2470,0.3360,0.4670,0.4670,0.5999,0.7863,-0.0000
adc,isotropic,128,cosine,50,0.2032,0.3184,0.4052,0.5152,0.6854,0.3184,0.5999,0.7863,-0.0000
adc,isotropic,128,cosine,100,0.2510,0.3831,0.4772,0.6087,0.7986,0.2510,0.5999,0.7863,-0.0000
rotation,isotropic,128,cosine,10,0.1370,0.2050,0.2560,0.3580,0.4820,0.4820,0.6164,0.7730,-0.0000
rotation,isotropic,128,cosine,50,0.2208,0.3320,0.4114,0.5214,0.6990,0.3320,0.6164,0.7730,-0.0000
rotation,isotropic,128,cosine,100,0.2589,0.3917,0.4867,0.6224,0.8044,0.2589,0.6164,0.7730,-0.0000
adc_rot,isotropic,128,cosine,10,0.1280,0.1980,0.2580,0.3400,0.4590,0.4590,0.6038,0.7824,-0.0000
adc_rot,isotropic,128,cosine,50,0.2032,0.3076,0.3848,0.5088,0.6820,0.3076,0.6038,0.7824,-0.0000
adc_rot,isotropic,128,cosine,100,0.2463,0.3769,0.4713,0.6060,0.7964,0.2463,0.6038,0.7824,-0.0000
baseline,isotropic,384,l2,10,0.0860,0.1290,0.1640,0.2230,0.3260,0.3260,0.5015,0.8533,-0.0000
baseline,isotropic,384,l2,50,0.1468,0.2284,0.2940,0.3936,0.5722,0.2284,0.5015,0.8533,-0.0000
baseline,isotropic,384,l2,100,0.1890,0.3006,0.3837,0.5186,0.7125,0.1890,0.5015,0.8533,-0.0000
adc,isotropic,384,l2,10,0.1650,0.2600,0.3320,0.4060,0.5500,0.5500,0.6372,0.7557,0.0000
adc,isotropic,384,l2,50,0.2414,0.3710,0.4590,0.5832,0.7552,0.3710,0.6372,0.7557,0.0000
adc,isotropic,384,l2,100,0.2935,0.4405,0.5432,0.6789,0.8545,0.2935,0.6372,0.7557,0.0000
rotation,isotropic,384,l2,10,0.0880,0.1450,0.1860,0.2310,0.3290,0.3290,0.5021,0.8520,-0.0000
rotation,isotropic,384,l2,50,0.1454,0.2292,0.2944,0.3928,0.5674,0.2292,0.5021,0.8520,-0.0000
rotation,isotropic,384,l2,100,0.1876,0.2954,0.3813,0.5078,0.6995,0.1876,0.5021,0.8520,-0.0000
adc_rot,isotropic,384,l2,10,0.1700,0.2600,0.3170,0.4080,0.5330,0.5330,0.6333,0.7564,-0.0000
adc_rot,isotropic,384,l2,50,0.2484,0.3714,0.4572,0.5796,0.7550,0.3714,0.6333,0.7564,-0.0000
adc_rot,isotropic,384,l2,100,0.2939,0.4418,0.5394,0.6746,0.8496,0.2939,0.6333,0.7564,-0.0000
baseline,isotropic,384,cosine,10,0.1440,0.2240,0.2790,0.3670,0.4880,0.4880,0.6122,0.7742,0.0000
baseline,isotropic,384,cosine,50,0.2116,0.3200,0.3994,0.5134,0.6878,0.3200,0.6122,0.7742,0.0000
baseline,isotropic,384,cosine,100,0.2559,0.3890,0.4867,0.6200,0.8022,0.2559,0.6122,0.7742,0.0000
adc,isotropic,384,cosine,10,0.1130,0.1730,0.2300,0.3250,0.4310,0.4310,0.5964,0.7876,0.0000
adc,isotropic,384,cosine,50,0.2020,0.3128,0.3940,0.5112,0.6774,0.3128,0.5964,0.7876,0.0000
adc,isotropic,384,cosine,100,0.2547,0.3892,0.4806,0.6096,0.7962,0.2547,0.5964,0.7876,0.0000
rotation,isotropic,384,cosine,10,0.1260,0.2090,0.2570,0.3400,0.4690,0.4690,0.6105,0.7755,-0.0000
rotation,isotropic,384,cosine,50,0.2120,0.3232,0.4096,0.5220,0.6968,0.3232,0.6105,0.7755,-0.0000
rotation,isotropic,384,cosine,100,0.2564,0.3966,0.4918,0.6264,0.8089,0.2564,0.6105,0.7755,-0.0000
adc_rot,isotropic,384,cosine,10,0.1330,0.1930,0.2410,0.3230,0.4660,0.4660,0.6044,0.7809,0.0000
adc_rot,isotropic,384,cosine,50,0.2004,0.3098,0.3860,0.5054,0.6706,0.3098,0.6044,0.7809,0.0000
adc_rot,isotropic,384,cosine,100,0.2510,0.3806,0.4798,0.6086,0.7905,0.2510,0.6044,0.7809,0.0000
baseline,isotropic,768,l2,10,0.0660,0.1160,0.1580,0.2190,0.3220,0.3220,0.5015,0.8538,-0.0000
baseline,isotropic,768,l2,50,0.1394,0.2248,0.2870,0.3908,0.5544,0.2248,0.5015,0.8538,-0.0000
baseline,isotropic,768,l2,100,0.1856,0.2952,0.3795,0.5024,0.7020,0.1856,0.5015,0.8538,-0.0000
adc,isotropic,768,l2,10,0.1410,0.2260,0.2870,0.3870,0.5240,0.5240,0.6382,0.7548,-0.0000
adc,isotropic,768,l2,50,0.2378,0.3556,0.4458,0.5582,0.7302,0.3556,0.6382,0.7548,-0.0000
adc,isotropic,768,l2,100,0.2833,0.4263,0.5268,0.6637,0.8374,0.2833,0.6382,0.7548,-0.0000
rotation,isotropic,768,l2,10,0.0890,0.1300,0.1690,0.2450,0.3360,0.3360,0.5011,0.8545,0.0000
rotation,isotropic,768,l2,50,0.1504,0.2264,0.2912,0.3892,0.5526,0.2264,0.5011,0.8545,0.0000
rotation,isotropic,768,l2,100,0.1808,0.2848,0.3613,0.4885,0.6878,0.1808,0.5011,0.8545,0.0000
adc_rot,isotropic,768,l2,10,0.1600,0.2450,0.3000,0.3900,0.5300,0.5300,0.6358,0.7564,0.0000
adc_rot,isotropic,768,l2,50,0.2338,0.3520,0.4366,0.5530,0.7254,0.3520,0.6358,0.7564,0.0000
adc_rot,isotropic,768,l2,100,0.2781,0.4169,0.5181,0.6588,0.8313,0.2781,0.6358,0.7564,0.0000
baseline,isotropic,768,cosine,10,0.1120,0.1790,0.2270,0.3010,0.4280,0.4280,0.6171,0.7710,0.0000
baseline,isotropic,768,cosine,50,0.2000,0.3190,0.3988,0.5240,0.6982,0.3190,0.6171,0.7710,0.0000
baseline,isotropic,768,cosine,100,0.2556,0.3954,0.4950,0.6292,0.8104,0.2556,0.6171,0.7710,0.0000
adc,isotropic,768,cosine,10,0.1230,0.1840,0.2380,0.3110,0.4400,0.4400,0.6029,0.7825,0.0000
adc,isotropic,768,cosine,50,0.1958,0.3036,0.3876,0.5044,0.6826,0.3036,0.6029,0.7825,0.0000
adc,isotropic,768,cosine,100,0.2419,0.3726,0.4740,0.6145,0.7977,0.2419,0.6029,0.7825,0.0000
rotation,isotropic,768,cosine,10,0.1500,0.2210,0.2790,0.3630,0.4820,0.4820,0.6106,0.7762,0.0000
rotation,isotropic,768,cosine,50,0.2170,0.3292,0.4062,0.5192,0.6904,0.3292,0.6106,0.7762,0.0000
rotation,isotropic,768,cosine,100,0.2586,0.3883,0.4822,0.6153,0.8047,0.2586,0.6106,0.7762,0.0000
adc_rot,isotropic,768,cosine,10,0.1340,0.1940,0.2520,0.3290,0.4630,0.4630,0.6082,0.7790,-0.0000
adc_rot,isotropic,768,cosine,50,0.2114,0.3182,0.3990,0.5192,0.6900,0.3182,0.6082,0.7790,-0.0000
adc_rot,isotropic,768,cosine,100,0.2515,0.3841,0.4794,0.6162,0.8022,0.2515,0.6082,0.7790,-0.0000
baseline,isotropic,1024,l2,10,0.0600,0.0990,0.1360,0.2000,0.3010,0.3010,0.5133,0.8469,-0.0000
baseline,isotropic,1024,l2,50,0.1436,0.2244,0.2918,0.3964,0.5594,0.2244,0.5133,0.8469,-0.0000
baseline,isotropic,1024,l2,100,0.1894,0.2988,0.3799,0.5053,0.6938,0.1894,0.5133,0.8469,-0.0000
adc,isotropic,1024,l2,10,0.1340,0.2140,0.2770,0.3750,0.5120,0.5120,0.6459,0.7485,0.0000
adc,isotropic,1024,l2,50,0.2296,0.3580,0.4482,0.5592,0.7390,0.3580,0.6459,0.7485,0.0000
adc,isotropic,1024,l2,100,0.2866,0.4328,0.5335,0.6718,0.8453,0.2866,0.6459,0.7485,0.0000
rotation,isotropic,1024,l2,10,0.0750,0.1170,0.1490,0.2110,0.3260,0.3260,0.5077,0.8499,0.0000
rotation,isotropic,1024,l2,50,0.1414,0.2290,0.2938,0.3970,0.5672,0.2290,0.5077,0.8499,0.0000
rotation,isotropic,1024,l2,100,0.1863,0.2996,0.3844,0.5067,0.6999,0.1863,0.5077,0.8499,0.0000
adc_rot,isotropic,1024,l2,10,0.1500,0.2300,0.2990,0.3930,0.5290,0.5290,0.6345,0.7562,0.0000
adc_rot,isotropic,1024,l2,50,0.2350,0.3544,0.4404,0.5654,0.7402,0.3544,0.6345,0.7562,0.0000
adc_rot,isotropic,1024,l2,100,0.2825,0.4276,0.5295,0.6661,0.8443,0.2825,0.6345,0.7562,0.0000
baseline,isotropic,1024,cosine,10,0.1300,0.1970,0.2590,0.3320,0.4580,0.4580,0.6223,0.7653,-0.0000
baseline,isotropic,1024,cosine,50,0.2138,0.3234,0.4092,0.5242,0.6934,0.3234,0.6223,0.7653,-0.0000
baseline,isotropic,1024,cosine,100,0.2599,0.3991,0.4924,0.6250,0.8072,0.2599,0.6223,0.7653,-0.0000
adc,isotropic,1024,cosine,10,0.1140,0.1720,0.2200,0.3100,0.4290,0.4290,0.6122,0.7756,-0.0000
adc,isotropic,1024,cosine,50,0.1980,0.3016,0.3858,0.4970,0.6670,0.3016,0.6122,0.7756,-0.0000
adc,isotropic,1024,cosine,100,0.2428,0.3763,0.4685,0.6046,0.7964,0.2428,0.6122,0.7756,-0.0000
rotation,isotropic,1024,cosine,10,0.1220,0.1950,0.2370,0.3220,0.4590,0.4590,0.6210,0.7693,-0.0000
rotation,isotropic,1024,cosine,50,0.2064,0.3146,0.3978,0.5196,0.6970,0.3146,0.6210,0.7693,-0.0000
rotation,isotropic,1024,cosine,100,0.2545,0.3934,0.4926,0.6216,0.8039,0.2545,0.6210,0.7693,-0.0000
adc_rot,isotropic,1024,cosine,10,0.1140,0.1740,0.2240,0.3000,0.4320,0.4320,0.6027,0.7836,0.0000
adc_rot,isotropic,1024,cosine,50,0.1964,0.3072,0.3900,0.5078,0.6786,0.3072,0.6027,0.7836,0.0000
adc_rot,isotropic,1024,cosine,100,0.2495,0.3829,0.4756,0.6081,0.7970,0.2495,0.6027,0.7836,0.0000
baseline,isotropic,1536,l2,10,0.0950,0.1390,0.1720,0.2360,0.3420,0.3420,0.4883,0.8582,0.0000
baseline,isotropic,1536,l2,50,0.1526,0.2326,0.2974,0.4038,0.5642,0.2326,0.4883,0.8582,0.0000
baseline,isotropic,1536,l2,100,0.1906,0.3002,0.3821,0.5033,0.6962,0.1906,0.4883,0.8582,0.0000
adc,isotropic,1536,l2,10,0.1670,0.2440,0.2930,0.4090,0.5550,0.5550,0.6303,0.7574,-0.0000
adc,isotropic,1536,l2,50,0.2448,0.3658,0.4556,0.5758,0.7472,0.3658,0.6303,0.7574,-0.0000
adc,isotropic,1536,l2,100,0.2886,0.4304,0.5304,0.6657,0.8373,0.2886,0.6303,0.7574,-0.0000
rotation,isotropic,1536,l2,10,0.0820,0.1350,0.1770,0.2490,0.3510,0.3510,0.5083,0.8494,0.0000
rotation,isotropic,1536,l2,50,0.1492,0.2312,0.2964,0.3926,0.5608,0.2312,0.5083,0.8494,0.0000
rotation,isotropic,1536,l2,100,0.1835,0.2881,0.3698,0.4992,0.6941,0.1835,0.5083,0.8494,0.0000
adc_rot,isotropic,1536,l2,10,0.1600,0.2430,0.3090,0.4170,0.5490,0.5490,0.6374,0.7545,-0.0000
adc_rot,isotropic,1536,l2,50,0.2392,0.3600,0.4440,0.5626,0.7332,0.3600,0.6374,0.7545,-0.0000
adc_rot,isotropic,1536,l2,100,0.2834,0.4219,0.5235,0.6636,0.8396,0.2834,0.6374,0.7545,-0.0000
baseline,isotropic,1536,cosine,10,0.1300,0.1930,0.2530,0.3330,0.4610,0.4610,0.6075,0.7742,0.0000
baseline,isotropic,1536,cosine,50,0.2234,0.3344,0.4184,0.5392,0.7114,0.3344,0.6075,0.7742,0.0000
baseline,isotropic,1536,cosine,100,0.2673,0.4028,0.4998,0.6369,0.8174,0.2673,0.6075,0.7742,0.0000
adc,isotropic,1536,cosine,10,0.1370,0.2010,0.2530,0.3390,0.4520,0.4520,0.6019,0.7799,0.0000
adc,isotropic,1536,cosine,50,0.2004,0.3092,0.3852,0.4988,0.6796,0.3092,0.6019,0.7799,0.0000
adc,isotropic,1536,cosine,100,0.2413,0.3713,0.4671,0.6077,0.7960,0.2413,0.6019,0.7799,0.0000
rotation,isotropic,1536,cosine,10,0.1560,0.2410,0.3020,0.3800,0.5040,0.5040,0.6200,0.7695,0.0000
rotation,isotropic,1536,cosine,50,0.2146,0.3262,0.4080,0.5188,0.6938,0.3262,0.6200,0.7695,0.0000
rotation,isotropic,1536,cosine,100,0.2588,0.3914,0.4855,0.6186,0.8100,0.2588,0.6200,0.7695,0.0000
adc_rot,isotropic,1536,cosine,10,0.1290,0.2060,0.2680,0.3470,0.4730,0.4730,0.6109,0.7803,-0.0000
adc_rot,isotropic,1536,cosine,50,0.2072,0.3162,0.3918,0.5028,0.6728,0.3162,0.6109,0.7803,-0.0000
adc_rot,isotropic,1536,cosine,100,0.2495,0.3760,0.4707,0.6034,0.7942,0.2495,0.6109,0.7803,-0.0000
baseline,anisotropic,128,l2,10,0.0480,0.0730,0.0880,0.1290,0.1880,0.1880,0.3269,0.9421,0.0000
baseline,anisotropic,128,l2,50,0.0902,0.1430,0.1868,0.2648,0.4114,0.1430,0.3269,0.9421,0.0000
baseline,anisotropic,128,l2,100,0.1142,0.1935,0.2525,0.3556,0.5454,0.1142,0.3269,0.9421,0.0000
adc,anisotropic,128,l2,10,0.0720,0.1130,0.1420,0.2030,0.3120,0.3120,0.4072,2.1085,-0.0001
adc,anisotropic,128,l2,50,0.1260,0.2026,0.2666,0.3614,0.5312,0.2026,0.4072,2.1085,-0.0001
adc,anisotropic,128,l2,100,0.1601,0.2645,0.3413,0.4660,0.6585,0.1601,0.4072,2.1085,-0.0001
rotation,anisotropic,128,l2,10,0.0430,0.0670,0.0900,0.1380,0.1940,0.1940,0.3218,0.9440,0.0000
rotation,anisotropic,128,l2,50,0.0834,0.1350,0.1756,0.2566,0.4018,0.1350,0.3218,0.9440,0.0000
rotation,anisotropic,128,l2,100,0.1101,0.1877,0.2506,0.3522,0.5409,0.1101,0.3218,0.9440,0.0000
adc_rot,anisotropic,128,l2,10,0.0850,0.1190,0.1510,0.2050,0.3050,0.3050,0.4098,4.0335,-0.0001
adc_rot,anisotropic,128,l2,50,0.1250,0.1982,0.2556,0.3562,0.5196,0.1982,0.4098,4.0335,-0.0001
adc_rot,anisotropic,128,l2,100,0.1593,0.2571,0.3379,0.4567,0.6480,0.1593,0.4098,4.0335,-0.0001
baseline,anisotropic,128,cosine,10,0.1240,0.1770,0.2240,0.2940,0.4160,0.4160,0.6231,0.7642,0.0000
baseline,anisotropic,128,cosine,50,0.1880,0.2936,0.3730,0.4858,0.6576,0.2936,0.6231,0.7642,0.0000
baseline,anisotropic,128,cosine,100,0.2365,0.3720,0.4603,0.5924,0.7790,0.2365,0.6231,0.7642,0.0000
adc,anisotropic,128,cosine,10,0.1080,0.1810,0.2220,0.2900,0.4130,0.4130,0.5969,0.7825,0.0000
adc,anisotropic,128,cosine,50,0.1788,0.2792,0.3564,0.4724,0.6478,0.2792,0.5969,0.7825,0.0000
adc,anisotropic,128,cosine,100,0.2247,0.3556,0.4495,0.5815,0.7682,0.2247,0.5969,0.7825,0.0000
rotation,anisotropic,128,cosine,10,0.1160,0.1740,0.2210,0.3030,0.4280,0.4280,0.6241,0.7627,0.0000
rotation,anisotropic,128,cosine,50,0.1902,0.2900,0.3708,0.4904,0.6656,0.2900,0.6241,0.7627,0.0000
rotation,anisotropic,128,cosine,100,0.2373,0.3708,0.4678,0.6023,0.7862,0.2373,0.6241,0.7627,0.0000
adc_rot,anisotropic,128,cosine,10,0.0940,0.1550,0.2090,0.2820,0.4020,0.4020,0.6105,0.7775,0.0000
adc_rot,anisotropic,128,cosine,50,0.1742,0.2736,0.3490,0.4688,0.6420,0.2736,0.6105,0.7775,0.0000
adc_rot,anisotropic,128,cosine,100,0.2304,0.3564,0.4513,0.5822,0.7761,0.2304,0.6105,0.7775,0.0000
baseline,anisotropic,384,l2,10,0.0310,0.0530,0.0650,0.0940,0.1420,0.1420,0.1977,0.9778,0.0000
baseline,anisotropic,384,l2,50,0.0550,0.0924,0.1276,0.1894,0.3152,0.0924,0.1977,0.9778,0.0000
baseline,anisotropic,384,l2,100,0.0790,0.1390,0.1906,0.2769,0.4430,0.0790,0.1977,0.9778,0.0000
adc,anisotropic,384,l2,10,0.0400,0.0660,0.0940,0.1270,0.2010,0.2010,0.2560,1.2532,-0.0001
adc,anisotropic,384,l2,50,0.0798,0.1310,0.1752,0.2532,0.3972,0.1310,0.2560,1.2532,-0.0001
adc,anisotropic,384,l2,100,0.1073,0.1804,0.2407,0.3438,0.5221,0.1073,0.2560,1.2532,-0.0001
rotation,anisotropic,384,l2,10,0.0230,0.0360,0.0480,0.0770,0.1410,0.1410,0.1988,0.9777,0.0000
rotation,anisotropic,384,l2,50,0.0496,0.0958,0.1290,0.1918,0.3166,0.0958,0.1988,0.9777,0.0000
rotation,anisotropic,384,l2,100,0.0798,0.1391,0.1892,0.2757,0.4453,0.0798,0.1988,0.9777,0.0000
adc_rot,anisotropic,384,l2,10,0.0390,0.0600,0.0870,0.1180,0.2030,0.2030,0.2550,1.3663,-0.0000
adc_rot,anisotropic,384,l2,50,0.0772,0.1344,0.1782,0.2528,0.3852,0.1344,0.2550,1.3663,-0.0000
adc_rot,anisotropic,384,l2,100,0.1072,0.1829,0.2413,0.3392,0.5227,0.1072,0.2550,1.3663,-0.0000
baseline,anisotropic,384,cosine,10,0.1160,0.1820,0.2280,0.3150,0.4360,0.4360,0.6231,0.7628,-0.0000
baseline,anisotropic,384,cosine,50,0.2048,0.3128,0.3968,0.5108,0.6914,0.3128,0.6231,0.7628,-0.0000
baseline,anisotropic,384,cosine,100,0.2473,0.3863,0.4822,0.6194,0.8009,0.2473,0.6231,0.7628,-0.0000
adc,anisotropic,384,cosine,10,0.0880,0.1490,0.1890,0.2530,0.3920,0.3920,0.5903,0.7904,-0.0000
adc,anisotropic,384,cosine,50,0.1746,0.2776,0.3612,0.4762,0.6476,0.2776,0.5903,0.7904,-0.0000
adc,anisotropic,384,cosine,100,0.2277,0.3624,0.4514,0.5848,0.7807,0.2277,0.5903,0.7904,-0.0000
rotation,anisotropic,384,cosine,10,0.1100,0.1630,0.2070,0.2720,0.4140,0.4140,0.6250,0.7610,-0.0000
rotation,anisotropic,384,cosine,50,0.1810,0.2928,0.3828,0.4970,0.6830,0.2928,0.6250,0.7610,-0.0000
rotation,anisotropic,384,cosine,100,0.2447,0.3834,0.4800,0.6174,0.8061,0.2447,0.6250,0.7610,-0.0000
adc_rot,anisotropic,384,cosine,10,0.1300,0.1940,0.2410,0.3010,0.4270,0.4270,0.6214,0.7649,0.0000
adc_rot,anisotropic,384,cosine,50,0.1842,0.2978,0.3812,0.4974,0.6718,0.2978,0.6214,0.7649,0.0000
adc_rot,anisotropic,384,cosine,100,0.2430,0.3760,0.4777,0.6157,0.8080,0.2430,0.6214,0.7649,0.0000
baseline,anisotropic,768,l2,10,0.0130,0.0210,0.0300,0.0440,0.0820,0.0820,0.1537,0.9859,-0.0001
baseline,anisotropic,768,l2,50,0.0358,0.0642,0.0896,0.1366,0.2374,0.0642,0.1537,0.9859,-0.0001
baseline,anisotropic,768,l2,100,0.0560,0.1059,0.1465,0.2210,0.3745,0.0560,0.1537,0.9859,-0.0001
adc,anisotropic,768,l2,10,0.0210,0.0330,0.0440,0.0680,0.1090,0.1090,0.1950,1.0494,-0.0001
adc,anisotropic,768,l2,50,0.0470,0.0800,0.1118,0.1624,0.2844,0.0800,0.1950,1.0494,-0.0001
adc,anisotropic,768,l2,100,0.0685,0.1215,0.1709,0.2608,0.4335,0.0685,0.1950,1.0494,-0.0001
rotation,anisotropic,768,l2,10,0.0140,0.0220,0.0240,0.0390,0.0840,0.0840,0.1539,0.9855,0.0000
rotation,anisotropic,768,l2,50,0.0376,0.0672,0.0926,0.1378,0.2332,0.0672,0.1539,0.9855,0.0000
rotation,anisotropic,768,l2,100,0.0596,0.1056,0.1481,0.2182,0.3694,0.0596,0.1539,0.9855,0.0000
adc_rot,anisotropic,768,l2,10,0.0150,0.0250,0.0360,0.0660,0.1100,0.1100,0.1876,1.0247,-0.0000
adc_rot,anisotropic,768,l2,50,0.0472,0.0828,0.1162,0.1720,0.2812,0.0828,0.1876,1.0247,-0.0000
adc_rot,anisotropic,768,l2,100,0.0728,0.1285,0.1753,0.2567,0.4260,0.0728,0.1876,1.0247,-0.0000
baseline,anisotropic,768,cosine,10,0.1040,0.1710,0.2210,0.2920,0.4190,0.4190,0.6002,0.7773,-0.0000
baseline,anisotropic,768,cosine,50,0.1852,0.2976,0.3770,0.4918,0.6632,0.2976,0.6002,0.7773,-0.0000
baseline,anisotropic,768,cosine,100,0.2400,0.3775,0.4698,0.6027,0.7877,0.2400,0.6002,0.7773,-0.0000
adc,anisotropic,768,cosine,10,0.0990,0.1600,0.2140,0.2680,0.4020,0.4020,0.5815,0.7955,-0.0000
adc,anisotropic,768,cosine,50,0.1728,0.2758,0.3420,0.4596,0.6446,0.2758,0.5815,0.7955,-0.0000
adc,anisotropic,768,cosine,100,0.2246,0.3496,0.4408,0.5800,0.7711,0.2246,0.5815,0.7955,-0.0000
rotation,anisotropic,768,cosine,10,0.1030,0.1770,0.2260,0.2950,0.4240,0.4240,0.6169,0.7681,-0.0000
rotation,anisotropic,768,cosine,50,0.1882,0.2952,0.3758,0.4898,0.6668,0.2952,0.6169,0.7681,-0.0000
rotation,anisotropic,768,cosine,100,0.2388,0.3663,0.4624,0.5939,0.7769,0.2388,0.6169,0.7681,-0.0000
adc_rot,anisotropic,768,cosine,10,0.1170,0.1720,0.2180,0.2890,0.4000,0.4000,0.5998,0.7795,0.0000
adc_rot,anisotropic,768,cosine,50,0.1930,0.2990,0.3770,0.4872,0.6698,0.2990,0.5998,0.7795,0.0000
adc_rot,anisotropic,768,cosine,100,0.2421,0.3645,0.4593,0.5939,0.7774,0.2421,0.5998,0.7795,0.0000
baseline,anisotropic,1024,l2,10,0.0070,0.0220,0.0390,0.0530,0.0870,0.0870,0.1413,0.9887,-0.0002
baseline,anisotropic,1024,l2,50,0.0304,0.0540,0.0830,0.1240,0.2158,0.0540,0.1413,0.9887,-0.0002
baseline,anisotropic,1024,l2,100,0.0504,0.0927,0.1316,0.2009,0.3494,0.0504,0.1413,0.9887,-0.0002
adc,anisotropic,1024,l2,10,0.0190,0.0340,0.0390,0.0540,0.1060,0.1060,0.1728,1.0075,0.0001
adc,anisotropic,1024,l2,50,0.0402,0.0750,0.1036,0.1558,0.2590,0.0750,0.1728,1.0075,0.0001
adc,anisotropic,1024,l2,100,0.0641,0.1157,0.1588,0.2347,0.3931,0.0641,0.1728,1.0075,0.0001
rotation,anisotropic,1024,l2,10,0.0100,0.0170,0.0280,0.0450,0.0730,0.0730,0.1293,0.9894,0.0001
rotation,anisotropic,1024,l2,50,0.0320,0.0560,0.0776,0.1166,0.2132,0.0560,0.1293,0.9894,0.0001
rotation,anisotropic,1024,l2,100,0.0530,0.0909,0.1265,0.1952,0.3388,0.0530,0.1293,0.9894,0.0001
adc_rot,anisotropic,1024,l2,10,0.0110,0.0280,0.0350,0.0630,0.1080,0.1080,0.1710,1.8524,-0.0004
adc_rot,anisotropic,1024,l2,50,0.0378,0.0678,0.0914,0.1402,0.2398,0.0678,0.1710,1.8524,-0.0004
adc_rot,anisotropic,1024,l2,100,0.0637,0.1101,0.1518,0.2263,0.3817,0.0637,0.1710,1.8524,-0.0004
baseline,anisotropic,1024,cosine,10,0.1140,0.1850,0.2330,0.3030,0.4460,0.4460,0.6467,0.7476,-0.0000
baseline,anisotropic,1024,cosine,50,0.1954,0.2998,0.3724,0.4910,0.6728,0.2998,0.6467,0.7476,-0.0000
baseline,anisotropic,1024,cosine,100,0.2425,0.3720,0.4686,0.6091,0.7954,0.2425,0.6467,0.7476,-0.0000
adc,anisotropic,1024,cosine,10,0.0880,0.1550,0.1990,0.2650,0.4030,0.4030,0.6121,0.7729,-0.0000
adc,anisotropic,1024,cosine,50,0.1776,0.2866,0.3582,0.4702,0.6442,0.2866,0.6121,0.7729,-0.0000
adc,anisotropic,1024,cosine,100,0.2299,0.3534,0.4523,0.5800,0.7743,0.2299,0.6121,0.7729,-0.0000
rotation,anisotropic,1024,cosine,10,0.1140,0.1640,0.2100,0.2830,0.4090,0.4090,0.6143,0.7710,-0.0000
rotation,anisotropic,1024,cosine,50,0.1888,0.2936,0.3744,0.5002,0.6696,0.2936,0.6143,0.7710,-0.0000
rotation,anisotropic,1024,cosine,100,0.2362,0.3743,0.4721,0.6019,0.7960,0.2362,0.6143,0.7710,-0.0000
adc_rot,anisotropic,1024,cosine,10,0.0890,0.1330,0.1720,0.2340,0.3530,0.3530,0.5683,0.8025,0.0000
adc_rot,anisotropic,1024,cosine,50,0.1580,0.2526,0.3290,0.4338,0.6058,0.2526,0.5683,0.8025,0.0000
adc_rot,anisotropic,1024,cosine,100,0.2047,0.3260,0.4166,0.5469,0.7479,0.2047,0.5683,0.8025,0.0000
baseline,anisotropic,1536,l2,10,0.0030,0.0100,0.0120,0.0240,0.0430,0.0430,0.1267,0.9901,0.0002
baseline,anisotropic,1536,l2,50,0.0262,0.0478,0.0684,0.1048,0.1870,0.0478,0.1267,0.9901,0.0002
baseline,anisotropic,1536,l2,100,0.0435,0.0831,0.1180,0.1844,0.3256,0.0435,0.1267,0.9901,0.0002
adc,anisotropic,1536,l2,10,0.0080,0.0130,0.0180,0.0290,0.0510,0.0510,0.1557,1.0039,0.0001
adc,anisotropic,1536,l2,50,0.0352,0.0626,0.0886,0.1340,0.2224,0.0626,0.1557,1.0039,0.0001
adc,anisotropic,1536,l2,100,0.0555,0.0992,0.1415,0.2084,0.3636,0.0555,0.1557,1.0039,0.0001
rotation,anisotropic,1536,l2,10,0.0110,0.0190,0.0270,0.0380,0.0600,0.0600,0.1171,0.9910,-0.0000
rotation,anisotropic,1536,l2,50,0.0314,0.0546,0.0774,0.1156,0.1956,0.0546,0.1171,0.9910,-0.0000
rotation,anisotropic,1536,l2,100,0.0504,0.0886,0.1232,0.1858,0.3314,0.0504,0.1171,0.9910,-0.0000
adc_rot,anisotropic,1536,l2,10,0.0080,0.0160,0.0200,0.0350,0.0630,0.0630,0.1531,1.0091,-0.0001
adc_rot,anisotropic,1536,l2,50,0.0348,0.0638,0.0884,0.1388,0.2340,0.0638,0.1531,1.0091,-0.0001
adc_rot,anisotropic,1536,l2,100,0.0566,0.1020,0.1448,0.2152,0.3689,0.0566,0.1531,1.0091,-0.0001
baseline,anisotropic,1536,cosine,10,0.0940,0.1620,0.1990,0.2660,0.3950,0.3950,0.6208,0.7626,-0.0000
baseline,anisotropic,1536,cosine,50,0.1858,0.2950,0.3746,0.4936,0.6712,0.2950,0.6208,0.7626,-0.0000
baseline,anisotropic,1536,cosine,100,0.2386,0.3726,0.4640,0.6004,0.7837,0.2386,0.6208,0.7626,-0.0000
adc,anisotropic,1536,cosine,10,0.0810,0.1460,0.1750,0.2620,0.3670,0.3670,0.5827,0.7918,0.0000
adc,anisotropic,1536,cosine,50,0.1698,0.2668,0.3396,0.4542,0.6306,0.2668,0.5827,0.7918,0.0000
adc,anisotropic,1536,cosine,100,0.2182,0.3418,0.4355,0.5701,0.7614,0.2182,0.5827,0.7918,0.0000
rotation,anisotropic,1536,cosine,10,0.1080,0.1660,0.2060,0.2910,0.4120,0.4120,0.6190,0.7662,0.0000
rotation,anisotropic,1536,cosine,50,0.1964,0.3064,0.3822,0.4962,0.6752,0.3064,0.6190,0.7662,0.0000
rotation,anisotropic,1536,cosine,100,0.2483,0.3780,0.4721,0.6085,0.7956,0.2483,0.6190,0.7662,0.0000
adc_rot,anisotropic,1536,cosine,10,0.0690,0.1250,0.1740,0.2380,0.3390,0.3390,0.5797,0.7966,-0.0000
adc_rot,anisotropic,1536,cosine,50,0.1558,0.2524,0.3288,0.4380,0.6114,0.2524,0.5797,0.7966,-0.0000
adc_rot,anisotropic,1536,cosine,100,0.2086,0.3333,0.4228,0.5558,0.7500,0.2086,0.5797,0.7966,-0.0000
baseline,clustered,128,l2,10,0.0190,0.0320,0.0470,0.0720,0.1200,0.1200,0.4743,0.8596,0.0000
baseline,clustered,128,l2,50,0.0592,0.1068,0.1462,0.2342,0.4028,0.1068,0.4743,0.8596,0.0000
baseline,clustered,128,l2,100,0.0946,0.1709,0.2507,0.3786,0.6130,0.0946,0.4743,0.8596,0.0000
adc,clustered,128,l2,10,0.0520,0.0830,0.1140,0.1570,0.2560,0.2560,0.5925,0.7729,0.0000
adc,clustered,128,l2,50,0.1146,0.2074,0.2788,0.4012,0.6018,0.2074,0.5925,0.7729,0.0000
adc,clustered,128,l2,100,0.1827,0.3126,0.4163,0.5631,0.7964,0.1827,0.5925,0.7729,0.0000
rotation,clustered,128,l2,10,0.0200,0.0410,0.0660,0.0910,0.1550,0.1550,0.4757,0.8545,-0.0000
rotation,clustered,128,l2,50,0.0716,0.1322,0.1830,0.2578,0.4078,0.1322,0.4757,0.8545,-0.0000
rotation,clustered,128,l2,100,0.1195,0.2063,0.2734,0.3861,0.5960,0.1195,0.4757,0.8545,-0.0000
adc_rot,clustered,128,l2,10,0.0420,0.0750,0.1010,0.1640,0.2610,0.2610,0.6101,0.7664,0.0000
adc_rot,clustered,128,l2,50,0.1256,0.2210,0.2880,0.3954,0.5570,0.2210,0.6101,0.7664,0.0000
adc_rot,clustered,128,l2,100,0.1881,0.3153,0.4011,0.5261,0.7315,0.1881,0.6101,0.7664,0.0000
baseline,clustered,128,cosine,10,0.0320,0.0690,0.0840,0.1210,0.1880,0.1880,0.5985,0.7721,-0.0000
baseline,clustered,128,cosine,50,0.0916,0.1598,0.2234,0.3352,0.5230,0.1598,0.5985,0.7721,-0.0000
baseline,clustered,128,cosine,100,0.1437,0.2581,0.3548,0.4985,0.7109,0.1437,0.5985,0.7721,-0.0000
adc,clustered,128,cosine,10,0.0370,0.0580,0.0790,0.1250,0.2120,0.2120,0.5791,0.7968,-0.0000
adc,clustered,128,cosine,50,0.1076,0.1810,0.2422,0.3340,0.5088,0.1810,0.5791,0.7968,-0.0000
adc,clustered,128,cosine,100,0.1605,0.2711,0.3515,0.4849,0.6927,0.1605,0.5791,0.7968,-0.0000
rotation,clustered,128,cosine,10,0.0410,0.0660,0.0880,0.1190,0.2030,0.2030,0.6328,0.7513,-0.0000
rotation,clustered,128,cosine,50,0.1040,0.1794,0.2450,0.3424,0.5240,0.1794,0.6328,0.7513,-0.0000
rotation,clustered,128,cosine,100,0.1630,0.2779,0.3616,0.5000,0.7227,0.1630,0.6328,0.7513,-0.0000
adc_rot,clustered,128,cosine,10,0.0410,0.0710,0.0990,0.1520,0.2640,0.2640,0.6013,0.7723,-0.0000
adc_rot,clustered,128,cosine,50,0.1146,0.2050,0.2832,0.3918,0.5734,0.2050,0.6013,0.7723,-0.0000
adc_rot,clustered,128,cosine,100,0.1785,0.3061,0.4064,0.5451,0.7575,0.1785,0.6013,0.7723,-0.0000
baseline,clustered,384,l2,10,0.0200,0.0400,0.0500,0.0950,0.1530,0.1530,0.4786,0.8565,-0.0000
baseline,clustered,384,l2,50,0.0744,0.1362,0.1940,0.3004,0.4778,0.1362,0.4786,0.8565,-0.0000
baseline,clustered,384,l2,100,0.1223,0.2295,0.3164,0.4453,0.6399,0.1223,0.4786,0.8565,-0.0000
adc,clustered,384,l2,10,0.0470,0.0880,0.1150,0.1740,0.3050,0.3050,0.6507,0.7366,-0.0000
adc,clustered,384,l2,50,0.1512,0.2556,0.3388,0.4674,0.6576,0.2556,0.6507,0.7366,-0.0000
adc,clustered,384,l2,100,0.2291,0.3779,0.4781,0.6192,0.8030,0.2291,0.6507,0.7366,-0.0000
rotation,clustered,384,l2,10,0.0510,0.0780,0.0940,0.1400,0.2330,0.2330,0.4856,0.8536,-0.0000
rotation,clustered,384,l2,50,0.1114,0.1922,0.2606,0.3620,0.5404,0.1922,0.4856,0.8536,-0.0000
rotation,clustered,384,l2,100,0.1676,0.2877,0.3771,0.5121,0.7095,0.1676,0.4856,0.8536,-0.0000
adc_rot,clustered,384,l2,10,0.0690,0.1060,0.1480,0.2170,0.3740,0.3740,0.6378,0.7480,-0.0000
adc_rot,clustered,384,l2,50,0.1850,0.3222,0.4216,0.5506,0.7226,0.3222,0.6378,0.7480,-0.0000
adc_rot,clustered,384,l2,100,0.2815,0.4557,0.5533,0.6858,0.8359,0.2815,0.6378,0.7480,-0.0000
baseline,clustered,384,cosine,10,0.0340,0.0610,0.0860,0.1240,0.1980,0.1980,0.5775,0.7868,-0.0000
baseline,clustered,384,cosine,50,0.0966,0.1628,0.2314,0.3466,0.5318,0.1628,0.5775,0.7868,-0.0000
baseline,clustered,384,cosine,100,0.1502,0.2735,0.3712,0.5105,0.7249,0.1502,0.5775,0.7868,-0.0000
adc,clustered,384,cosine,10,0.0340,0.0620,0.0840,0.1430,0.2450,0.2450,0.5404,0.8218,-0.0000
adc,clustered,384,cosine,50,0.1144,0.2122,0.2810,0.3834,0.5376,0.2122,0.5404,0.8218,-0.0000
adc,clustered,384,cosine,100,0.1906,0.3074,0.3910,0.5048,0.6896,0.1906,0.5404,0.8218,-0.0000
rotation,clustered,384,cosine,10,0.0530,0.0850,0.1090,0.1670,0.2640,0.2640,0.6142,0.7662,-0.0000
rotation,clustered,384,cosine,50,0.1314,0.2242,0.3014,0.4162,0.6240,0.2242,0.6142,0.7662,-0.0000
rotation,clustered,384,cosine,100,0.1974,0.3357,0.4336,0.5877,0.8125,0.1974,0.6142,0.7662,-0.0000
adc_rot,clustered,384,cosine,10,0.0540,0.1000,0.1380,0.2090,0.3360,0.3360,0.5806,0.7820,-0.0000
adc_rot,clustered,384,cosine,50,0.1774,0.2996,0.3888,0.5078,0.6610,0.2996,0.5806,0.7820,-0.0000
adc_rot,clustered,384,cosine,100,0.2625,0.4237,0.5227,0.6404,0.7800,0.2625,0.5806,0.7820,-0.0000
baseline,clustered,768,l2,10,0.0270,0.0440,0.0640,0.0960,0.1830,0.1830,0.5129,0.8342,-0.0000
baseline,clustered,768,l2,50,0.0950,0.1730,0.2394,0.3408,0.5180,0.1730,0.5129,0.8342,-0.0000
baseline,clustered,768,l2,100,0.1649,0.2842,0.3689,0.5022,0.7059,0.1649,0.5129,0.8342,-0.0000
adc,clustered,768,l2,10,0.0510,0.0740,0.0910,0.1670,0.3020,0.3020,0.6528,0.7246,0.0000
adc,clustered,768,l2,50,0.1418,0.2618,0.3650,0.5120,0.7200,0.2618,0.6528,0.7246,0.0000
adc,clustered,768,l2,100,0.2389,0.4184,0.5499,0.6977,0.8525,0.2389,0.6528,0.7246,0.0000
rotation,clustered,768,l2,10,0.0500,0.0820,0.1060,0.1610,0.2580,0.2580,0.5322,0.8288,0.0000
rotation,clustered,768,l2,50,0.1182,0.2104,0.2816,0.3672,0.5028,0.2104,0.5322,0.8288,0.0000
rotation,clustered,768,l2,100,0.1943,0.3189,0.3930,0.4873,0.6508,0.1943,0.5322,0.8288,0.0000
adc_rot,clustered,768,l2,10,0.0720,0.0930,0.1200,0.1920,0.3310,0.3310,0.6547,0.7277,-0.0000
adc_rot,clustered,768,l2,50,0.1480,0.2586,0.3326,0.4542,0.6392,0.2586,0.6547,0.7277,-0.0000
adc_rot,clustered,768,l2,100,0.2333,0.3781,0.4769,0.6147,0.8237,0.2333,0.6547,0.7277,-0.0000
baseline,clustered,768,cosine,10,0.0510,0.0790,0.1120,0.1540,0.2630,0.2630,0.6090,0.7608,-0.0000
baseline,clustered,768,cosine,50,0.1366,0.2308,0.3092,0.4254,0.6012,0.2308,0.6090,0.7608,-0.0000
baseline,clustered,768,cosine,100,0.2169,0.3559,0.4494,0.5827,0.7684,0.2169,0.6090,0.7608,-0.0000
adc,clustered,768,cosine,10,0.0310,0.0460,0.0600,0.0860,0.1860,0.1860,0.5823,0.7843,-0.0000
adc,clustered,768,cosine,50,0.0776,0.1608,0.2476,0.3764,0.6078,0.1608,0.5823,0.7843,-0.0000
adc,clustered,768,cosine,100,0.1480,0.2909,0.4111,0.5835,0.8032,0.1480,0.5823,0.7843,-0.0000
rotation,clustered,768,cosine,10,0.0540,0.0960,0.1330,0.1880,0.3240,0.3240,0.6178,0.7603,0.0000
rotation,clustered,768,cosine,50,0.1728,0.3032,0.3962,0.5122,0.6590,0.3032,0.6178,0.7603,0.0000
rotation,clustered,768,cosine,100,0.2757,0.4362,0.5243,0.6354,0.7926,0.2757,0.6178,0.7603,0.0000
adc_rot,clustered,768,cosine,10,0.0510,0.0900,0.1220,0.1780,0.3260,0.3260,0.5763,0.7808,-0.0000
adc_rot,clustered,768,cosine,50,0.1610,0.2830,0.3682,0.4782,0.6338,0.2830,0.5763,0.7808,-0.0000
adc_rot,clustered,768,cosine,100,0.2470,0.3971,0.4916,0.6051,0.7538,0.2470,0.5763,0.7808,-0.0000
baseline,clustered,1024,l2,10,0.0490,0.0820,0.1000,0.1450,0.2510,0.2510,0.4965,0.8292,-0.0000
baseline,clustered,1024,l2,50,0.1290,0.2208,0.2982,0.4142,0.5822,0.2208,0.4965,0.8292,-0.0000
baseline,clustered,1024,l2,100,0.2058,0.3423,0.4352,0.5568,0.7346,0.2058,0.4965,0.8292,-0.0000
adc,clustered,1024,l2,10,0.0570,0.1100,0.1460,0.2190,0.3680,0.3680,0.6493,0.7160,0.0000
adc,clustered,1024,l2,50,0.1800,0.3150,0.4114,0.5648,0.7512,0.3150,0.6493,0.7160,0.0000
adc,clustered,1024,l2,100,0.2865,0.4638,0.5888,0.7190,0.8622,0.2865,0.6493,0.7160,0.0000
rotation,clustered,1024,l2,10,0.0370,0.0580,0.0780,0.1160,0.1820,0.1820,0.4590,0.8559,0.0000
rotation,clustered,1024,l2,50,0.1004,0.1732,0.2318,0.3350,0.5222,0.1732,0.4590,0.8559,0.0000
rotation,clustered,1024,l2,100,0.1537,0.2603,0.3521,0.4907,0.7055,0.1537,0.4590,0.8559,0.0000
adc_rot,clustered,1024,l2,10,0.0460,0.0750,0.1060,0.1720,0.2720,0.2720,0.5905,0.7535,0.0000
adc_rot,clustered,1024,l2,50,0.1294,0.2256,0.3128,0.4426,0.6552,0.2256,0.5905,0.7535,0.0000
adc_rot,clustered,1024,l2,100,0.1990,0.3482,0.4641,0.6213,0.8225,0.1990,0.5905,0.7535,0.0000
baseline,clustered,1024,cosine,10,0.0400,0.0640,0.0990,0.1440,0.2520,0.2520,0.5708,0.7856,-0.0000
baseline,clustered,1024,cosine,50,0.1194,0.2128,0.2866,0.4106,0.6008,0.2128,0.5708,0.7856,-0.0000
baseline,clustered,1024,cosine,100,0.1910,0.3252,0.4286,0.5693,0.7582,0.1910,0.5708,0.7856,-0.0000
adc,clustered,1024,cosine,10,0.0440,0.0640,0.0840,0.1310,0.2120,0.2120,0.5561,0.7948,0.0000
adc,clustered,1024,cosine,50,0.1038,0.1834,0.2596,0.4026,0.6358,0.1834,0.5561,0.7948,0.0000
adc,clustered,1024,cosine,100,0.1620,0.3016,0.4269,0.6049,0.7783,0.1620,0.5561,0.7948,0.0000
rotation,clustered,1024,cosine,10,0.0370,0.0620,0.0890,0.1380,0.2280,0.2280,0.5750,0.7890,-0.0000
rotation,clustered,1024,cosine,50,0.1112,0.1942,0.2664,0.3666,0.5478,0.1942,0.5750,0.7890,-0.0000
rotation,clustered,1024,cosine,100,0.1692,0.2883,0.3790,0.5161,0.7325,0.1692,0.5750,0.7890,-0.0000
adc_rot,clustered,1024,cosine,10,0.0340,0.0660,0.0850,0.1250,0.2260,0.2260,0.5205,0.8172,-0.0000
adc_rot,clustered,1024,cosine,50,0.0966,0.1750,0.2460,0.3438,0.5272,0.1750,0.5205,0.8172,-0.0000
adc_rot,clustered,1024,cosine,100,0.1508,0.2647,0.3553,0.4914,0.6988,0.1508,0.5205,0.8172,-0.0000
baseline,clustered,1536,l2,10,0.0400,0.0740,0.1050,0.1450,0.2330,0.2330,0.5097,0.8391,0.0000
baseline,clustered,1536,l2,50,0.1094,0.1878,0.2532,0.3402,0.4784,0.1878,0.5097,0.8391,0.0000
baseline,clustered,1536,l2,100,0.1772,0.2882,0.3624,0.4635,0.6519,0.1772,0.5097,0.8391,0.0000
adc,clustered,1536,l2,10,0.0870,0.1240,0.1750,0.2520,0.4010,0.4010,0.6618,0.7292,0.0000
adc,clustered,1536,l2,50,0.1772,0.3172,0.4266,0.5464,0.7130,0.3172,0.6618,0.7292,0.0000
adc,clustered,1536,l2,100,0.2899,0.4578,0.5505,0.6819,0.8534,0.2899,0.6618,0.7292,0.0000
rotation,clustered,1536,l2,10,0.0340,0.0700,0.0950,0.1600,0.2740,0.2740,0.4987,0.8439,-0.0000
rotation,clustered,1536,l2,50,0.1160,0.2138,0.2898,0.3840,0.5430,0.2138,0.4987,0.8439,-0.0000
rotation,clustered,1536,l2,100,0.1867,0.3143,0.3935,0.5135,0.7035,0.1867,0.4987,0.8439,-0.0000
adc_rot,clustered,1536,l2,10,0.0700,0.1200,0.1520,0.2440,0.3940,0.3940,0.6260,0.7464,0.0000
adc_rot,clustered,1536,l2,50,0.1824,0.3258,0.4310,0.5612,0.7216,0.3258,0.6260,0.7464,0.0000
adc_rot,clustered,1536,l2,100,0.2860,0.4670,0.5822,0.6976,0.8343,0.2860,0.6260,0.7464,0.0000
baseline,clustered,1536,cosine,10,0.0610,0.1230,0.1700,0.2370,0.3670,0.3670,0.6022,0.7711,-0.0000
baseline,clustered,1536,cosine,50,0.1714,0.2890,0.3712,0.4884,0.6368,0.2890,0.6022,0.7711,-0.0000
baseline,clustered,1536,cosine,100,0.2579,0.4064,0.4976,0.6135,0.7840,0.2579,0.6022,0.7711,-0.0000
adc,clustered,1536,cosine,10,0.0600,0.0890,0.1170,0.1770,0.2820,0.2820,0.6203,0.7654,-0.0000
adc,clustered,1536,cosine,50,0.1372,0.2374,0.3264,0.4540,0.6596,0.2374,0.6203,0.7654,-0.0000
adc,clustered,1536,cosine,100,0.2152,0.3645,0.4706,0.6354,0.8371,0.2152,0.6203,0.7654,-0.0000
rotation,clustered,1536,cosine,10,0.0380,0.0740,0.0960,0.1510,0.2560,0.2560,0.5940,0.7829,0.0000
rotation,clustered,1536,cosine,50,0.1244,0.2314,0.3068,0.4296,0.6116,0.2314,0.5940,0.7829,0.0000
rotation,clustered,1536,cosine,100,0.2092,0.3483,0.4487,0.5822,0.7749,0.2092,0.5940,0.7829,0.0000
adc_rot,clustered,1536,cosine,10,0.0360,0.0670,0.1040,0.1620,0.2760,0.2760,0.5832,0.7810,-0.0000
adc_rot,clustered,1536,cosine,50,0.1344,0.2426,0.3292,0.4438,0.6018,0.2426,0.5832,0.7810,-0.0000
adc_rot,clustered,1536,cosine,100,0.2198,0.3629,0.4676,0.5864,0.7555,0.2198,0.5832,0.7810,-0.0000
baseline,uniform,128,l2,10,0.1790,0.2650,0.3380,0.4300,0.5720,0.5720,0.6691,0.7232,0.0000
baseline,uniform,128,l2,50,0.2640,0.3918,0.4840,0.6092,0.7674,0.3918,0.6691,0.7232,0.0000
baseline,uniform,128,l2,100,0.3073,0.4610,0.5649,0.6987,0.8648,0.3073,0.6691,0.7232,0.0000
adc,uniform,128,l2,10,0.2880,0.4210,0.5250,0.6290,0.7820,0.7820,0.7797,0.6051,0.0000
adc,uniform,128,l2,50,0.3874,0.5530,0.6524,0.7744,0.9004,0.5530,0.7797,0.6051,0.0000
adc,uniform,128,l2,100,0.4293,0.6123,0.7226,0.8395,0.9534,0.4293,0.7797,0.6051,0.0000
rotation,uniform,128,l2,10,0.1230,0.1870,0.2380,0.3130,0.4320,0.4320,0.5656,0.8089,0.0000
rotation,uniform,128,l2,50,0.1918,0.2912,0.3612,0.4718,0.6406,0.2912,0.5656,0.8089,0.0000
rotation,uniform,128,l2,100,0.2361,0.3597,0.4480,0.5746,0.7652,0.2361,0.5656,0.8089,0.0000
adc_rot,uniform,128,l2,10,0.2300,0.3500,0.4130,0.5250,0.6600,0.6600,0.7130,0.6829,0.0000
adc_rot,uniform,128,l2,50,0.3124,0.4522,0.5518,0.6792,0.8438,0.4522,0.7130,0.6829,0.0000
adc_rot,uniform,128,l2,100,0.3606,0.5250,0.6317,0.7669,0.9117,0.3606,0.7130,0.6829,0.0000
baseline,uniform,128,cosine,10,0.2350,0.3370,0.4230,0.5310,0.6640,0.6640,0.7350,0.6564,0.0000
baseline,uniform,128,cosine,50,0.3134,0.4620,0.5644,0.6926,0.8394,0.4620,0.7350,0.6564,0.0000
baseline,uniform,128,cosine,100,0.3636,0.5326,0.6422,0.7718,0.9138,0.3636,0.7350,0.6564,0.0000
adc,uniform,128,cosine,10,0.1470,0.2370,0.3010,0.3800,0.5120,0.5120,0.6407,0.7487,0.0000
adc,uniform,128,cosine,50,0.2364,0.3590,0.4366,0.5570,0.7302,0.3590,0.6407,0.7487,0.0000
adc,uniform,128,cosine,100,0.2790,0.4197,0.5174,0.6525,0.8300,0.2790,0.6407,0.7487,0.0000
rotation,uniform,128,cosine,10,0.1490,0.2290,0.2840,0.3690,0.5080,0.5080,0.6258,0.7629,0.0000
rotation,uniform,128,cosine,50,0.2240,0.3340,0.4144,0.5320,0.6926,0.3340,0.6258,0.7629,0.0000
rotation,uniform,128,cosine,100,0.2653,0.4011,0.4945,0.6231,0.8080,0.2653,0.6258,0.7629,0.0000
adc_rot,uniform,128,cosine,10,0.1180,0.1940,0.2400,0.3190,0.4400,0.4400,0.6120,0.7766,-0.0000
adc_rot,uniform,128,cosine,50,0.2040,0.3096,0.3848,0.4984,0.6744,0.3096,0.6120,0.7766,-0.0000
adc_rot,uniform,128,cosine,100,0.2518,0.3799,0.4731,0.6097,0.7896,0.2518,0.6120,0.7766,-0.0000
baseline,uniform,384,l2,10,0.1640,0.2620,0.3290,0.4120,0.5530,0.5530,0.6634,0.7299,-0.0000
baseline,uniform,384,l2,50,0.2536,0.3818,0.4776,0.6020,0.7620,0.3818,0.6634,0.7299,-0.0000
baseline,uniform,384,l2,100,0.3045,0.4584,0.5600,0.6869,0.8574,0.3045,0.6634,0.7299,-0.0000
adc,uniform,384,l2,10,0.2760,0.4050,0.4940,0.6210,0.7500,0.7500,0.7761,0.6102,-0.0000
adc,uniform,384,l2,50,0.3788,0.5310,0.6358,0.7590,0.8954,0.5310,0.7761,0.6102,-0.0000
adc,uniform,384,l2,100,0.4228,0.6031,0.7127,0.8303,0.9531,0.4228,0.7761,0.6102,-0.0000
rotation,uniform,384,l2,10,0.1010,0.1710,0.2110,0.2820,0.4050,0.4050,0.5589,0.8151,0.0000
rotation,uniform,384,l2,50,0.1810,0.2864,0.3520,0.4684,0.6356,0.2864,0.5589,0.8151,0.0000
rotation,uniform,384,l2,100,0.2242,0.3446,0.4340,0.5625,0.7563,0.2242,0.5589,0.8151,0.0000
adc_rot,uniform,384,l2,10,0.2200,0.3210,0.3910,0.4950,0.6400,0.6400,0.7125,0.6829,0.0000
adc_rot,uniform,384,l2,50,0.3058,0.4462,0.5448,0.6752,0.8310,0.4462,0.7125,0.6829,0.0000
adc_rot,uniform,384,l2,100,0.3484,0.5086,0.6216,0.7545,0.9059,0.3484,0.7125,0.6829,0.0000
baseline,uniform,384,cosine,10,0.2280,0.3280,0.3940,0.4920,0.6550,0.6550,0.7304,0.6629,0.0000
baseline,uniform,384,cosine,50,0.3062,0.4552,0.5550,0.6858,0.8410,0.4552,0.7304,0.6629,0.0000
baseline,uniform,384,cosine,100,0.3572,0.5313,0.6378,0.7738,0.9196,0.3572,0.7304,0.6629,0.0000
adc,uniform,384,cosine,10,0.1530,0.2230,0.2770,0.3530,0.4830,0.4830,0.6355,0.7544,-0.0000
adc,uniform,384,cosine,50,0.2182,0.3318,0.4100,0.5320,0.6996,0.3318,0.6355,0.7544,-0.0000
adc,uniform,384,cosine,100,0.2682,0.4082,0.5065,0.6397,0.8188,0.2682,0.6355,0.7544,-0.0000
rotation,uniform,384,cosine,10,0.1320,0.2160,0.2560,0.3290,0.4610,0.4610,0.6116,0.7745,-0.0000
rotation,uniform,384,cosine,50,0.2142,0.3274,0.4046,0.5228,0.6932,0.3274,0.6116,0.7745,-0.0000
rotation,uniform,384,cosine,100,0.2599,0.3913,0.4863,0.6196,0.8049,0.2599,0.6116,0.7745,-0.0000
adc_rot,uniform,384,cosine,10,0.1320,0.2080,0.2560,0.3330,0.4620,0.4620,0.6058,0.7806,0.0000
adc_rot,uniform,384,cosine,50,0.2100,0.3204,0.3990,0.5192,0.6826,0.3204,0.6058,0.7806,0.0000
adc_rot,uniform,384,cosine,100,0.2503,0.3849,0.4768,0.6102,0.7951,0.2503,0.6058,0.7806,0.0000
baseline,uniform,768,l2,10,0.1610,0.2530,0.3070,0.3870,0.5490,0.5490,0.6671,0.7272,-0.0000
baseline,uniform,768,l2,50,0.2512,0.3812,0.4704,0.5934,0.7680,0.3812,0.6671,0.7272,-0.0000
baseline,uniform,768,l2,100,0.3024,0.4507,0.5571,0.6904,0.8607,0.3024,0.6671,0.7272,-0.0000
adc,uniform,768,l2,10,0.2810,0.3860,0.4770,0.5760,0.7580,0.7580,0.7759,0.6098,-0.0000
adc,uniform,768,l2,50,0.3688,0.5386,0.6416,0.7656,0.8962,0.5386,0.7759,0.6098,-0.0000
adc,uniform,768,l2,100,0.4224,0.6048,0.7113,0.8373,0.9496,0.4224,0.7759,0.6098,-0.0000
rotation,uniform,768,l2,10,0.1060,0.1620,0.2030,0.2760,0.4110,0.4110,0.5699,0.8085,-0.0000
rotation,uniform,768,l2,50,0.1788,0.2758,0.3504,0.4700,0.6394,0.2758,0.5699,0.8085,-0.0000
rotation,uniform,768,l2,100,0.2249,0.3505,0.4445,0.5746,0.7547,0.2249,0.5699,0.8085,-0.0000
adc_rot,uniform,768,l2,10,0.2210,0.3230,0.3970,0.4890,0.6420,0.6420,0.7116,0.6847,0.0000
adc_rot,uniform,768,l2,50,0.2974,0.4370,0.5362,0.6702,0.8306,0.4370,0.7116,0.6847,0.0000
adc_rot,uniform,768,l2,100,0.3461,0.5135,0.6184,0.7575,0.9009,0.3461,0.7116,0.6847,0.0000
baseline,uniform,768,cosine,10,0.2040,0.3250,0.3890,0.5050,0.6620,0.6620,0.7358,0.6568,-0.0000
baseline,uniform,768,cosine,50,0.3114,0.4638,0.5544,0.6806,0.8320,0.4638,0.7358,0.6568,-0.0000
baseline,uniform,768,cosine,100,0.3643,0.5334,0.6422,0.7698,0.9163,0.3643,0.7358,0.6568,-0.0000
adc,uniform,768,cosine,10,0.1360,0.2110,0.2650,0.3630,0.5060,0.5060,0.6389,0.7529,0.0000
adc,uniform,768,cosine,50,0.2240,0.3390,0.4164,0.5416,0.7192,0.3390,0.6389,0.7529,0.0000
adc,uniform,768,cosine,100,0.2709,0.4115,0.5073,0.6454,0.8255,0.2709,0.6389,0.7529,0.0000
rotation,uniform,768,cosine,10,0.1320,0.2010,0.2650,0.3440,0.4870,0.4870,0.6232,0.7657,-0.0000
rotation,uniform,768,cosine,50,0.2234,0.3334,0.4154,0.5342,0.7096,0.3334,0.6232,0.7657,-0.0000
rotation,uniform,768,cosine,100,0.2626,0.4042,0.5013,0.6329,0.8113,0.2626,0.6232,0.7657,-0.0000
adc_rot,uniform,768,cosine,10,0.1080,0.1930,0.2360,0.3060,0.4300,0.4300,0.6127,0.7754,-0.0000
adc_rot,uniform,768,cosine,50,0.1986,0.3080,0.3862,0.5092,0.6854,0.3080,0.6127,0.7754,-0.0000
adc_rot,uniform,768,cosine,100,0.2466,0.3791,0.4728,0.6089,0.8006,0.2466,0.6127,0.7754,-0.0000
baseline,uniform,1024,l2,10,0.1630,0.2420,0.3120,0.3920,0.5490,0.5490,0.6742,0.7221,0.0000
baseline,uniform,1024,l2,50,0.2508,0.3876,0.4738,0.5970,0.7656,0.3876,0.6742,0.7221,0.0000
baseline,uniform,1024,l2,100,0.3001,0.4458,0.5460,0.6860,0.8577,0.3001,0.6742,0.7221,0.0000
adc,uniform,1024,l2,10,0.2900,0.4180,0.5080,0.6170,0.7660,0.7660,0.7823,0.6035,-0.0000
adc,uniform,1024,l2,50,0.3694,0.5292,0.6374,0.7624,0.9024,0.5292,0.7823,0.6035,-0.0000
adc,uniform,1024,l2,100,0.4091,0.5953,0.7037,0.8324,0.9493,0.4091,0.7823,0.6035,-0.0000
rotation,uniform,1024,l2,10,0.1160,0.1810,0.2170,0.2780,0.4020,0.4020,0.5674,0.8083,-0.0000
rotation,uniform,1024,l2,50,0.1790,0.2828,0.3590,0.4638,0.6250,0.2828,0.5674,0.8083,-0.0000
rotation,uniform,1024,l2,100,0.2274,0.3513,0.4406,0.5632,0.7554,0.2274,0.5674,0.8083,-0.0000
adc_rot,uniform,1024,l2,10,0.2160,0.3190,0.3920,0.5110,0.6640,0.6640,0.7163,0.6787,-0.0000
adc_rot,uniform,1024,l2,50,0.3046,0.4480,0.5482,0.6796,0.8344,0.4480,0.7163,0.6787,-0.0000
adc_rot,uniform,1024,l2,100,0.3500,0.5150,0.6267,0.7594,0.9107,0.3500,0.7163,0.6787,-0.0000
baseline,uniform,1024,cosine,10,0.2220,0.3330,0.4060,0.5030,0.6590,0.6590,0.7348,0.6591,-0.0000
baseline,uniform,1024,cosine,50,0.3074,0.4576,0.5588,0.6836,0.8448,0.4576,0.7348,0.6591,-0.0000
baseline,uniform,1024,cosine,100,0.3638,0.5315,0.6395,0.7707,0.9160,0.3638,0.7348,0.6591,-0.0000
adc,uniform,1024,cosine,10,0.1650,0.2400,0.2990,0.3940,0.5340,0.5340,0.6343,0.7548,-0.0000
adc,uniform,1024,cosine,50,0.2384,0.3504,0.4296,0.5530,0.7276,0.3504,0.6343,0.7548,-0.0000
adc,uniform,1024,cosine,100,0.2736,0.4126,0.5143,0.6487,0.8252,0.2736,0.6343,0.7548,-0.0000
rotation,uniform,1024,cosine,10,0.1420,0.2200,0.2740,0.3520,0.4960,0.4960,0.6190,0.7688,-0.0000
rotation,uniform,1024,cosine,50,0.2102,0.3276,0.4110,0.5250,0.6968,0.3276,0.6190,0.7688,-0.0000
rotation,uniform,1024,cosine,100,0.2561,0.3937,0.4895,0.6197,0.8044,0.2561,0.6190,0.7688,-0.0000
adc_rot,uniform,1024,cosine,10,0.1410,0.2160,0.2700,0.3480,0.4790,0.4790,0.5995,0.7860,0.0000
adc_rot,uniform,1024,cosine,50,0.2080,0.3146,0.3944,0.5090,0.6832,0.3146,0.5995,0.7860,0.0000
adc_rot,uniform,1024,cosine,100,0.2502,0.3848,0.4752,0.6078,0.7942,0.2502,0.5995,0.7860,0.0000
baseline,uniform,1536,l2,10,0.1940,0.2830,0.3410,0.4240,0.5650,0.5650,0.6687,0.7243,-0.0000
baseline,uniform,1536,l2,50,0.2606,0.3894,0.4754,0.5940,0.7750,0.3894,0.6687,0.7243,-0.0000
baseline,uniform,1536,l2,100,0.3092,0.4554,0.5583,0.6965,0.8646,0.3092,0.6687,0.7243,-0.0000
adc,uniform,1536,l2,10,0.2740,0.3910,0.4910,0.6010,0.7400,0.7400,0.7781,0.6062,0.0000
adc,uniform,1536,l2,50,0.3730,0.5334,0.6392,0.7644,0.9036,0.5334,0.7781,0.6062,0.0000
adc,uniform,1536,l2,100,0.4249,0.6018,0.7083,0.8373,0.9534,0.4249,0.7781,0.6062,0.0000
rotation,uniform,1536,l2,10,0.1270,0.1800,0.2230,0.2900,0.4050,0.4050,0.5649,0.8123,0.0000
rotation,uniform,1536,l2,50,0.1806,0.2812,0.3484,0.4550,0.6226,0.2812,0.5649,0.8123,0.0000
rotation,uniform,1536,l2,100,0.2255,0.3416,0.4304,0.5566,0.7536,0.2255,0.5649,0.8123,0.0000
adc_rot,uniform,1536,l2,10,0.2210,0.3250,0.3900,0.4960,0.6370,0.6370,0.7205,0.6791,-0.0000
adc_rot,uniform,1536,l2,50,0.3032,0.4458,0.5430,0.6696,0.8308,0.4458,0.7205,0.6791,-0.0000
adc_rot,uniform,1536,l2,100,0.3482,0.5072,0.6129,0.7555,0.9036,0.3482,0.7205,0.6791,-0.0000
baseline,uniform,1536,cosine,10,0.2270,0.3440,0.4160,0.5230,0.6810,0.6810,0.7343,0.6587,0.0000
baseline,uniform,1536,cosine,50,0.3168,0.4642,0.5620,0.6854,0.8444,0.4642,0.7343,0.6587,0.0000
baseline,uniform,1536,cosine,100,0.3679,0.5313,0.6409,0.7758,0.9123,0.3679,0.7343,0.6587,0.0000
adc,uniform,1536,cosine,10,0.1300,0.2000,0.2590,0.3510,0.4710,0.4710,0.6289,0.7607,-0.0000
adc,uniform,1536,cosine,50,0.2280,0.3378,0.4140,0.5292,0.7112,0.3378,0.6289,0.7607,-0.0000
adc,uniform,1536,cosine,100,0.2723,0.4053,0.5056,0.6426,0.8247,0.2723,0.6289,0.7607,-0.0000
rotation,uniform,1536,cosine,10,0.1510,0.2220,0.2740,0.3530,0.4790,0.4790,0.6208,0.7682,0.0000
rotation,uniform,1536,cosine,50,0.2152,0.3252,0.4006,0.5200,0.6974,0.3252,0.6208,0.7682,0.0000
rotation,uniform,1536,cosine,100,0.2578,0.3901,0.4878,0.6219,0.8100,0.2578,0.6208,0.7682,0.0000
adc_rot,uniform,1536,cosine,10,0.1440,0.2400,0.2770,0.3540,0.4860,0.4860,0.6064,0.7819,-0.0000
adc_rot,uniform,1536,cosine,50,0.2102,0.3174,0.3912,0.5090,0.6788,0.3174,0.6064,0.7819,-0.0000
adc_rot,uniform,1536,cosine,100,0.2498,0.3760,0.4708,0.6041,0.7871,0.2498,0.6064,0.7819,-0.0000
baseline,sift_real,128,l2,10,0.3240,0.4740,0.5530,0.6520,0.7860,0.7860,0.8487,0.4316,-0.0000
baseline,sift_real,128,l2,50,0.4208,0.6082,0.7060,0.8206,0.9306,0.6082,0.8487,0.4316,-0.0000
baseline,sift_real,128,l2,100,0.4853,0.6795,0.7868,0.8878,0.9718,0.4853,0.8487,0.4316,-0.0000
adc,sift_real,128,l2,10,0.4070,0.5920,0.7090,0.8190,0.9220,0.9220,0.9082,0.2899,0.0000
adc,sift_real,128,l2,50,0.5374,0.7402,0.8402,0.9362,0.9884,0.7402,0.9082,0.2899,0.0000
adc,sift_real,128,l2,100,0.5944,0.8133,0.9047,0.9690,0.9973,0.5944,0.9082,0.2899,0.0000
rotation,sift_real,128,l2,10,0.3930,0.5830,0.6640,0.7720,0.8980,0.8980,0.9081,0.3016,0.0000
rotation,sift_real,128,l2,50,0.5028,0.6986,0.8066,0.9024,0.9762,0.6986,0.9081,0.3016,0.0000
rotation,sift_real,128,l2,100,0.5531,0.7703,0.8646,0.9481,0.9945,0.5531,0.9081,0.3016,0.0000
adc_rot,sift_real,128,l2,10,0.5110,0.7170,0.8130,0.9000,0.9710,0.9710,0.9309,0.2358,-0.0000
adc_rot,sift_real,128,l2,50,0.6072,0.8180,0.9064,0.9672,0.9966,0.8180,0.9309,0.2358,-0.0000
adc_rot,sift_real,128,l2,100,0.6536,0.8709,0.9424,0.9872,0.9995,0.6536,0.9309,0.2358,-0.0000
baseline,sift_real,128,cosine,10,0.3260,0.4760,0.5520,0.6510,0.7860,0.7860,0.8492,0.4311,0.0000
baseline,sift_real,128,cosine,50,0.4206,0.6086,0.7080,0.8218,0.9302,0.6086,0.8492,0.4311,0.0000
baseline,sift_real,128,cosine,100,0.4855,0.6797,0.7867,0.8881,0.9720,0.4855,0.8492,0.4311,0.0000
adc,sift_real,128,cosine,10,0.1960,0.3200,0.3970,0.5210,0.6870,0.6870,0.9361,0.3230,-0.0000
adc,sift_real,128,cosine,50,0.3414,0.5058,0.6182,0.7576,0.9206,0.5058,0.9361,0.3230,-0.0000
adc,sift_real,128,cosine,100,0.4117,0.6105,0.7332,0.8738,0.9825,0.4117,0.9361,0.3230,-0.0000
rotation,sift_real,128,cosine,10,0.3920,0.5840,0.6680,0.7760,0.9020,0.9020,0.9086,0.3006,-0.0000
rotation,sift_real,128,cosine,50,0.5028,0.7012,0.8084,0.9042,0.9764,0.7012,0.9086,0.3006,-0.0000
rotation,sift_real,128,cosine,100,0.5541,0.7694,0.8648,0.9485,0.9948,0.5541,0.9086,0.3006,-0.0000
adc_rot,sift_real,128,cosine,10,0.3350,0.4930,0.5930,0.7030,0.8340,0.8340,0.8705,0.4183,0.0000
adc_rot,sift_real,128,cosine,50,0.4508,0.6408,0.7450,0.8574,0.9604,0.6408,0.8705,0.4183,0.0000
adc_rot,sift_real,128,cosine,100,0.5029,0.7122,0.8205,0.9235,0.9888,0.5029,0.8705,0.4183,0.0000
