seg_id,type,dim,N,bits,code_bytes_per_vec,ceiling_maxef,target,calN,feasible_ef,sel_depth,cal_lb,eval_recall
0,easy128,128,9362,1,16,0.8067,0.90,25,-1,-1,0.0000,0.0000
0,easy128,128,9362,1,16,0.8067,0.90,50,-1,-1,0.0000,0.0000
0,easy128,128,9362,1,16,0.8067,0.90,100,-1,-1,0.0000,0.0000
0,easy128,128,9362,1,16,0.8067,0.90,150,-1,-1,0.0000,0.0000
0,easy128,128,9362,1,16,0.8067,0.95,25,-1,-1,0.0000,0.0000
0,easy128,128,9362,1,16,0.8067,0.95,50,-1,-1,0.0000,0.0000
0,easy128,128,9362,1,16,0.8067,0.95,100,-1,-1,0.0000,0.0000
0,easy128,128,9362,1,16,0.8067,0.95,150,-1,-1,0.0000,0.0000
0,easy128,128,9362,1,16,0.8067,0.97,25,-1,-1,0.0000,0.0000
0,easy128,128,9362,1,16,0.8067,0.97,50,-1,-1,0.0000,0.0000
0,easy128,128,9362,1,16,0.8067,0.97,100,-1,-1,0.0000,0.0000
0,easy128,128,9362,1,16,0.8067,0.97,150,-1,-1,0.0000,0.0000
0,easy128,128,9362,2,32,0.8933,0.90,25,-1,-1,0.0000,0.0000
0,easy128,128,9362,2,32,0.8933,0.90,50,-1,-1,0.0000,0.0000
0,easy128,128,9362,2,32,0.8933,0.90,100,-1,-1,0.0000,0.0000
0,easy128,128,9362,2,32,0.8933,0.90,150,-1,-1,0.0000,0.0000
0,easy128,128,9362,2,32,0.8933,0.95,25,-1,-1,0.0000,0.0000
0,easy128,128,9362,2,32,0.8933,0.95,50,-1,-1,0.0000,0.0000
0,easy128,128,9362,2,32,0.8933,0.95,100,-1,-1,0.0000,0.0000
0,easy128,128,9362,2,32,0.8933,0.95,150,-1,-1,0.0000,0.0000
0,easy128,128,9362,2,32,0.8933,0.97,25,-1,-1,0.0000,0.0000
0,easy128,128,9362,2,32,0.8933,0.97,50,-1,-1,0.0000,0.0000
0,easy128,128,9362,2,32,0.8933,0.97,100,-1,-1,0.0000,0.0000
0,easy128,128,9362,2,32,0.8933,0.97,150,-1,-1,0.0000,0.0000
0,easy128,128,9362,4,64,0.9917,0.90,25,200,30,0.9360,0.9483
0,easy128,128,9362,4,64,0.9917,0.90,50,200,30,0.9340,0.9483
0,easy128,128,9362,4,64,0.9917,0.90,100,200,30,0.9350,0.9483
0,easy128,128,9362,4,64,0.9917,0.90,150,200,30,0.9373,0.9483
0,easy128,128,9362,4,64,0.9917,0.95,25,200,50,0.9560,0.9583
0,easy128,128,9362,4,64,0.9917,0.95,50,200,50,0.9600,0.9583
0,easy128,128,9362,4,64,0.9917,0.95,100,500,30,0.9660,0.9783
0,easy128,128,9362,4,64,0.9917,0.95,150,500,30,0.9660,0.9783
0,easy128,128,9362,4,64,0.9917,0.97,25,500,50,0.9880,0.9917
0,easy128,128,9362,4,64,0.9917,0.97,50,500,50,0.9880,0.9917
0,easy128,128,9362,4,64,0.9917,0.97,100,500,50,0.9840,0.9917
0,easy128,128,9362,4,64,0.9917,0.97,150,500,50,0.9840,0.9917
0,easy128,128,9362,32,512,0.9900,0.90,25,200,10,0.9520,0.9517
0,easy128,128,9362,32,512,0.9900,0.90,50,200,10,0.9580,0.9517
0,easy128,128,9362,32,512,0.9900,0.90,100,200,10,0.9410,0.9517
0,easy128,128,9362,32,512,0.9900,0.90,150,200,10,0.9533,0.9517
0,easy128,128,9362,32,512,0.9900,0.95,25,200,50,0.9560,0.9517
0,easy128,128,9362,32,512,0.9900,0.95,50,200,10,0.9580,0.9517
0,easy128,128,9362,32,512,0.9900,0.95,100,500,10,0.9880,0.9900
0,easy128,128,9362,32,512,0.9900,0.95,150,500,10,0.9893,0.9900
0,easy128,128,9362,32,512,0.9900,0.97,25,500,10,1.0000,0.9900
0,easy128,128,9362,32,512,0.9900,0.97,50,500,10,0.9900,0.9900
0,easy128,128,9362,32,512,0.9900,0.97,100,500,10,0.9880,0.9900
0,easy128,128,9362,32,512,0.9900,0.97,150,500,10,0.9893,0.9900
1,easy128,128,20749,1,16,0.7117,0.90,25,-1,-1,0.0000,0.0000
1,easy128,128,20749,1,16,0.7117,0.90,50,-1,-1,0.0000,0.0000
1,easy128,128,20749,1,16,0.7117,0.90,100,-1,-1,0.0000,0.0000
1,easy128,128,20749,1,16,0.7117,0.90,150,-1,-1,0.0000,0.0000
1,easy128,128,20749,1,16,0.7117,0.95,25,-1,-1,0.0000,0.0000
1,easy128,128,20749,1,16,0.7117,0.95,50,-1,-1,0.0000,0.0000
1,easy128,128,20749,1,16,0.7117,0.95,100,-1,-1,0.0000,0.0000
1,easy128,128,20749,1,16,0.7117,0.95,150,-1,-1,0.0000,0.0000
1,easy128,128,20749,1,16,0.7117,0.97,25,-1,-1,0.0000,0.0000
1,easy128,128,20749,1,16,0.7117,0.97,50,-1,-1,0.0000,0.0000
1,easy128,128,20749,1,16,0.7117,0.97,100,-1,-1,0.0000,0.0000
1,easy128,128,20749,1,16,0.7117,0.97,150,-1,-1,0.0000,0.0000
1,easy128,128,20749,2,32,0.7683,0.90,25,-1,-1,0.0000,0.0000
1,easy128,128,20749,2,32,0.7683,0.90,50,-1,-1,0.0000,0.0000
1,easy128,128,20749,2,32,0.7683,0.90,100,-1,-1,0.0000,0.0000
1,easy128,128,20749,2,32,0.7683,0.90,150,-1,-1,0.0000,0.0000
1,easy128,128,20749,2,32,0.7683,0.95,25,-1,-1,0.0000,0.0000
1,easy128,128,20749,2,32,0.7683,0.95,50,-1,-1,0.0000,0.0000
1,easy128,128,20749,2,32,0.7683,0.95,100,-1,-1,0.0000,0.0000
1,easy128,128,20749,2,32,0.7683,0.95,150,-1,-1,0.0000,0.0000
1,easy128,128,20749,2,32,0.7683,0.97,25,-1,-1,0.0000,0.0000
1,easy128,128,20749,2,32,0.7683,0.97,50,-1,-1,0.0000,0.0000
1,easy128,128,20749,2,32,0.7683,0.97,100,-1,-1,0.0000,0.0000
1,easy128,128,20749,2,32,0.7683,0.97,150,-1,-1,0.0000,0.0000
1,easy128,128,20749,4,64,0.9617,0.90,25,500,30,0.9280,0.9367
1,easy128,128,20749,4,64,0.9617,0.90,50,500,30,0.9260,0.9367
1,easy128,128,20749,4,64,0.9617,0.90,100,500,30,0.9280,0.9367
1,easy128,128,20749,4,64,0.9617,0.90,150,500,30,0.9373,0.9367
1,easy128,128,20749,4,64,0.9617,0.95,25,-1,-1,0.0000,0.0000
1,easy128,128,20749,4,64,0.9617,0.95,50,-1,-1,0.0000,0.0000
1,easy128,128,20749,4,64,0.9617,0.95,100,-1,-1,0.0000,0.0000
1,easy128,128,20749,4,64,0.9617,0.95,150,-1,-1,0.0000,0.0000
1,easy128,128,20749,4,64,0.9617,0.97,25,-1,-1,0.0000,0.0000
1,easy128,128,20749,4,64,0.9617,0.97,50,-1,-1,0.0000,0.0000
1,easy128,128,20749,4,64,0.9617,0.97,100,-1,-1,0.0000,0.0000
1,easy128,128,20749,4,64,0.9617,0.97,150,-1,-1,0.0000,0.0000
1,easy128,128,20749,32,512,0.9567,0.90,25,500,10,0.9440,0.9567
1,easy128,128,20749,32,512,0.9567,0.90,50,500,10,0.9500,0.9567
1,easy128,128,20749,32,512,0.9567,0.90,100,500,10,0.9510,0.9567
1,easy128,128,20749,32,512,0.9567,0.90,150,500,10,0.9560,0.9567
1,easy128,128,20749,32,512,0.9567,0.95,25,-1,-1,0.0000,0.0000
1,easy128,128,20749,32,512,0.9567,0.95,50,-1,-1,0.0000,0.0000
1,easy128,128,20749,32,512,0.9567,0.95,100,-1,-1,0.0000,0.0000
1,easy128,128,20749,32,512,0.9567,0.95,150,500,10,0.9560,0.9567
1,easy128,128,20749,32,512,0.9567,0.97,25,-1,-1,0.0000,0.0000
1,easy128,128,20749,32,512,0.9567,0.97,50,-1,-1,0.0000,0.0000
1,easy128,128,20749,32,512,0.9567,0.97,100,-1,-1,0.0000,0.0000
1,easy128,128,20749,32,512,0.9567,0.97,150,-1,-1,0.0000,0.0000
2,easy128,128,8222,1,16,0.8050,0.90,25,-1,-1,0.0000,0.0000
2,easy128,128,8222,1,16,0.8050,0.90,50,-1,-1,0.0000,0.0000
2,easy128,128,8222,1,16,0.8050,0.90,100,-1,-1,0.0000,0.0000
2,easy128,128,8222,1,16,0.8050,0.90,150,-1,-1,0.0000,0.0000
2,easy128,128,8222,1,16,0.8050,0.95,25,-1,-1,0.0000,0.0000
2,easy128,128,8222,1,16,0.8050,0.95,50,-1,-1,0.0000,0.0000
2,easy128,128,8222,1,16,0.8050,0.95,100,-1,-1,0.0000,0.0000
2,easy128,128,8222,1,16,0.8050,0.95,150,-1,-1,0.0000,0.0000
2,easy128,128,8222,1,16,0.8050,0.97,25,-1,-1,0.0000,0.0000
2,easy128,128,8222,1,16,0.8050,0.97,50,-1,-1,0.0000,0.0000
2,easy128,128,8222,1,16,0.8050,0.97,100,-1,-1,0.0000,0.0000
2,easy128,128,8222,1,16,0.8050,0.97,150,-1,-1,0.0000,0.0000
2,easy128,128,8222,2,32,0.8817,0.90,25,-1,-1,0.0000,0.0000
2,easy128,128,8222,2,32,0.8817,0.90,50,-1,-1,0.0000,0.0000
2,easy128,128,8222,2,32,0.8817,0.90,100,-1,-1,0.0000,0.0000
2,easy128,128,8222,2,32,0.8817,0.90,150,-1,-1,0.0000,0.0000
2,easy128,128,8222,2,32,0.8817,0.95,25,-1,-1,0.0000,0.0000
2,easy128,128,8222,2,32,0.8817,0.95,50,-1,-1,0.0000,0.0000
2,easy128,128,8222,2,32,0.8817,0.95,100,-1,-1,0.0000,0.0000
2,easy128,128,8222,2,32,0.8817,0.95,150,-1,-1,0.0000,0.0000
2,easy128,128,8222,2,32,0.8817,0.97,25,-1,-1,0.0000,0.0000
2,easy128,128,8222,2,32,0.8817,0.97,50,-1,-1,0.0000,0.0000
2,easy128,128,8222,2,32,0.8817,0.97,100,-1,-1,0.0000,0.0000
2,easy128,128,8222,2,32,0.8817,0.97,150,-1,-1,0.0000,0.0000
2,easy128,128,8222,4,64,0.9917,0.90,25,200,20,0.9120,0.9200
2,easy128,128,8222,4,64,0.9917,0.90,50,200,20,0.9220,0.9200
2,easy128,128,8222,4,64,0.9917,0.90,100,200,20,0.9230,0.9200
2,easy128,128,8222,4,64,0.9917,0.90,150,100,200,0.9067,0.8933
2,easy128,128,8222,4,64,0.9917,0.95,25,500,50,0.9560,0.9900
2,easy128,128,8222,4,64,0.9917,0.95,50,500,30,0.9680,0.9783
2,easy128,128,8222,4,64,0.9917,0.95,100,200,50,0.9600,0.9517
2,easy128,128,8222,4,64,0.9917,0.95,150,200,50,0.9600,0.9517
2,easy128,128,8222,4,64,0.9917,0.97,25,-1,-1,0.0000,0.0000
2,easy128,128,8222,4,64,0.9917,0.97,50,500,100,0.9760,0.9917
2,easy128,128,8222,4,64,0.9917,0.97,100,500,30,0.9770,0.9783
2,easy128,128,8222,4,64,0.9917,0.97,150,500,30,0.9793,0.9783
2,easy128,128,8222,32,512,0.9900,0.90,25,200,10,0.9360,0.9650
2,easy128,128,8222,32,512,0.9900,0.90,50,200,10,0.9480,0.9650
2,easy128,128,8222,32,512,0.9900,0.90,100,100,10,0.9050,0.9033
2,easy128,128,8222,32,512,0.9900,0.90,150,100,10,0.9053,0.9033
2,easy128,128,8222,32,512,0.9900,0.95,25,500,10,0.9760,0.9900
2,easy128,128,8222,32,512,0.9900,0.95,50,500,10,0.9860,0.9900
2,easy128,128,8222,32,512,0.9900,0.95,100,200,10,0.9600,0.9650
2,easy128,128,8222,32,512,0.9900,0.95,150,200,10,0.9613,0.9650
2,easy128,128,8222,32,512,0.9900,0.97,25,500,10,0.9760,0.9900
2,easy128,128,8222,32,512,0.9900,0.97,50,500,10,0.9860,0.9900
2,easy128,128,8222,32,512,0.9900,0.97,100,500,10,0.9890,0.9900
2,easy128,128,8222,32,512,0.9900,0.97,150,500,10,0.9927,0.9900
3,easy128,128,6665,1,16,0.8850,0.90,25,-1,-1,0.0000,0.0000
3,easy128,128,6665,1,16,0.8850,0.90,50,-1,-1,0.0000,0.0000
3,easy128,128,6665,1,16,0.8850,0.90,100,-1,-1,0.0000,0.0000
3,easy128,128,6665,1,16,0.8850,0.90,150,-1,-1,0.0000,0.0000
3,easy128,128,6665,1,16,0.8850,0.95,25,-1,-1,0.0000,0.0000
3,easy128,128,6665,1,16,0.8850,0.95,50,-1,-1,0.0000,0.0000
3,easy128,128,6665,1,16,0.8850,0.95,100,-1,-1,0.0000,0.0000
3,easy128,128,6665,1,16,0.8850,0.95,150,-1,-1,0.0000,0.0000
3,easy128,128,6665,1,16,0.8850,0.97,25,-1,-1,0.0000,0.0000
3,easy128,128,6665,1,16,0.8850,0.97,50,-1,-1,0.0000,0.0000
3,easy128,128,6665,1,16,0.8850,0.97,100,-1,-1,0.0000,0.0000
3,easy128,128,6665,1,16,0.8850,0.97,150,-1,-1,0.0000,0.0000
3,easy128,128,6665,2,32,0.9250,0.90,25,-1,-1,0.0000,0.0000
3,easy128,128,6665,2,32,0.9250,0.90,50,500,500,0.9060,0.9250
3,easy128,128,6665,2,32,0.9250,0.90,100,500,500,0.9120,0.9250
3,easy128,128,6665,2,32,0.9250,0.90,150,-1,-1,0.0000,0.0000
3,easy128,128,6665,2,32,0.9250,0.95,25,-1,-1,0.0000,0.0000
3,easy128,128,6665,2,32,0.9250,0.95,50,-1,-1,0.0000,0.0000
3,easy128,128,6665,2,32,0.9250,0.95,100,-1,-1,0.0000,0.0000
3,easy128,128,6665,2,32,0.9250,0.95,150,-1,-1,0.0000,0.0000
3,easy128,128,6665,2,32,0.9250,0.97,25,-1,-1,0.0000,0.0000
3,easy128,128,6665,2,32,0.9250,0.97,50,-1,-1,0.0000,0.0000
3,easy128,128,6665,2,32,0.9250,0.97,100,-1,-1,0.0000,0.0000
3,easy128,128,6665,2,32,0.9250,0.97,150,-1,-1,0.0000,0.0000
3,easy128,128,6665,4,64,0.9950,0.90,25,100,50,0.9080,0.9300
3,easy128,128,6665,4,64,0.9950,0.90,50,100,30,0.9180,0.9283
3,easy128,128,6665,4,64,0.9950,0.90,100,100,30,0.9140,0.9283
3,easy128,128,6665,4,64,0.9950,0.90,150,100,30,0.9213,0.9283
3,easy128,128,6665,4,64,0.9950,0.95,25,200,500,0.9560,0.9817
3,easy128,128,6665,4,64,0.9950,0.95,50,500,30,0.9720,0.9900
3,easy128,128,6665,4,64,0.9950,0.95,100,200,50,0.9590,0.9817
3,easy128,128,6665,4,64,0.9950,0.95,150,200,30,0.9573,0.9767
3,easy128,128,6665,4,64,0.9950,0.97,25,500,50,0.9760,0.9950
3,easy128,128,6665,4,64,0.9950,0.97,50,500,50,0.9800,0.9950
3,easy128,128,6665,4,64,0.9950,0.97,100,500,30,0.9780,0.9900
3,easy128,128,6665,4,64,0.9950,0.97,150,500,30,0.9753,0.9900
3,easy128,128,6665,32,512,0.9933,0.90,25,100,20,0.9080,0.9250
3,easy128,128,6665,32,512,0.9933,0.90,50,100,10,0.9160,0.9250
3,easy128,128,6665,32,512,0.9933,0.90,100,100,10,0.9100,0.9250
3,easy128,128,6665,32,512,0.9933,0.90,150,100,10,0.9187,0.9250
3,easy128,128,6665,32,512,0.9933,0.95,25,500,10,0.9720,0.9933
3,easy128,128,6665,32,512,0.9933,0.95,50,200,10,0.9620,0.9783
3,easy128,128,6665,32,512,0.9933,0.95,100,200,10,0.9640,0.9783
3,easy128,128,6665,32,512,0.9933,0.95,150,200,10,0.9680,0.9783
3,easy128,128,6665,32,512,0.9933,0.97,25,500,100,0.9760,0.9933
3,easy128,128,6665,32,512,0.9933,0.97,50,500,10,0.9780,0.9933
3,easy128,128,6665,32,512,0.9933,0.97,100,500,10,0.9870,0.9933
3,easy128,128,6665,32,512,0.9933,0.97,150,500,10,0.9907,0.9933
4,easy128,128,5241,1,16,0.8583,0.90,25,-1,-1,0.0000,0.0000
4,easy128,128,5241,1,16,0.8583,0.90,50,-1,-1,0.0000,0.0000
4,easy128,128,5241,1,16,0.8583,0.90,100,-1,-1,0.0000,0.0000
4,easy128,128,5241,1,16,0.8583,0.90,150,-1,-1,0.0000,0.0000
4,easy128,128,5241,1,16,0.8583,0.95,25,-1,-1,0.0000,0.0000
4,easy128,128,5241,1,16,0.8583,0.95,50,-1,-1,0.0000,0.0000
4,easy128,128,5241,1,16,0.8583,0.95,100,-1,-1,0.0000,0.0000
4,easy128,128,5241,1,16,0.8583,0.95,150,-1,-1,0.0000,0.0000
4,easy128,128,5241,1,16,0.8583,0.97,25,-1,-1,0.0000,0.0000
4,easy128,128,5241,1,16,0.8583,0.97,50,-1,-1,0.0000,0.0000
4,easy128,128,5241,1,16,0.8583,0.97,100,-1,-1,0.0000,0.0000
4,easy128,128,5241,1,16,0.8583,0.97,150,-1,-1,0.0000,0.0000
4,easy128,128,5241,2,32,0.9217,0.90,25,-1,-1,0.0000,0.0000
4,easy128,128,5241,2,32,0.9217,0.90,50,500,500,0.9100,0.9217
4,easy128,128,5241,2,32,0.9217,0.90,100,500,500,0.9150,0.9217
4,easy128,128,5241,2,32,0.9217,0.90,150,500,500,0.9160,0.9217
4,easy128,128,5241,2,32,0.9217,0.95,25,-1,-1,0.0000,0.0000
4,easy128,128,5241,2,32,0.9217,0.95,50,-1,-1,0.0000,0.0000
4,easy128,128,5241,2,32,0.9217,0.95,100,-1,-1,0.0000,0.0000
4,easy128,128,5241,2,32,0.9217,0.95,150,-1,-1,0.0000,0.0000
4,easy128,128,5241,2,32,0.9217,0.97,25,-1,-1,0.0000,0.0000
4,easy128,128,5241,2,32,0.9217,0.97,50,-1,-1,0.0000,0.0000
4,easy128,128,5241,2,32,0.9217,0.97,100,-1,-1,0.0000,0.0000
4,easy128,128,5241,2,32,0.9217,0.97,150,-1,-1,0.0000,0.0000
4,easy128,128,5241,4,64,0.9933,0.90,25,100,20,0.9080,0.9017
4,easy128,128,5241,4,64,0.9933,0.90,50,100,30,0.9260,0.9350
4,easy128,128,5241,4,64,0.9933,0.90,100,100,30,0.9320,0.9350
4,easy128,128,5241,4,64,0.9933,0.90,150,100,30,0.9307,0.9350
4,easy128,128,5241,4,64,0.9933,0.95,25,200,30,0.9640,0.9667
4,easy128,128,5241,4,64,0.9933,0.95,50,200,30,0.9720,0.9667
4,easy128,128,5241,4,64,0.9933,0.95,100,200,30,0.9770,0.9667
4,easy128,128,5241,4,64,0.9933,0.95,150,200,30,0.9713,0.9667
4,easy128,128,5241,4,64,0.9933,0.97,25,500,30,0.9840,0.9833
4,easy128,128,5241,4,64,0.9933,0.97,50,500,30,0.9840,0.9833
4,easy128,128,5241,4,64,0.9933,0.97,100,200,30,0.9770,0.9667
4,easy128,128,5241,4,64,0.9933,0.97,150,500,30,0.9860,0.9833
4,easy128,128,5241,32,512,0.9950,0.90,25,100,10,0.9280,0.9450
4,easy128,128,5241,32,512,0.9950,0.90,50,100,10,0.9400,0.9450
4,easy128,128,5241,32,512,0.9950,0.90,100,100,10,0.9350,0.9450
4,easy128,128,5241,32,512,0.9950,0.90,150,100,10,0.9333,0.9450
4,easy128,128,5241,32,512,0.9950,0.95,25,200,10,0.9720,0.9733
4,easy128,128,5241,32,512,0.9950,0.95,50,200,10,0.9740,0.9733
4,easy128,128,5241,32,512,0.9950,0.95,100,200,10,0.9760,0.9733
4,easy128,128,5241,32,512,0.9950,0.95,150,200,10,0.9740,0.9733
4,easy128,128,5241,32,512,0.9950,0.97,25,500,10,0.9800,0.9950
4,easy128,128,5241,32,512,0.9950,0.97,50,500,10,0.9920,0.9950
4,easy128,128,5241,32,512,0.9950,0.97,100,200,10,0.9760,0.9733
4,easy128,128,5241,32,512,0.9950,0.97,150,500,10,0.9940,0.9950
5,easy128,128,9526,1,16,0.8217,0.90,25,-1,-1,0.0000,0.0000
5,easy128,128,9526,1,16,0.8217,0.90,50,-1,-1,0.0000,0.0000
5,easy128,128,9526,1,16,0.8217,0.90,100,-1,-1,0.0000,0.0000
5,easy128,128,9526,1,16,0.8217,0.90,150,-1,-1,0.0000,0.0000
5,easy128,128,9526,1,16,0.8217,0.95,25,-1,-1,0.0000,0.0000
5,easy128,128,9526,1,16,0.8217,0.95,50,-1,-1,0.0000,0.0000
5,easy128,128,9526,1,16,0.8217,0.95,100,-1,-1,0.0000,0.0000
5,easy128,128,9526,1,16,0.8217,0.95,150,-1,-1,0.0000,0.0000
5,easy128,128,9526,1,16,0.8217,0.97,25,-1,-1,0.0000,0.0000
5,easy128,128,9526,1,16,0.8217,0.97,50,-1,-1,0.0000,0.0000
5,easy128,128,9526,1,16,0.8217,0.97,100,-1,-1,0.0000,0.0000
5,easy128,128,9526,1,16,0.8217,0.97,150,-1,-1,0.0000,0.0000
5,easy128,128,9526,2,32,0.8933,0.90,25,-1,-1,0.0000,0.0000
5,easy128,128,9526,2,32,0.8933,0.90,50,-1,-1,0.0000,0.0000
5,easy128,128,9526,2,32,0.8933,0.90,100,-1,-1,0.0000,0.0000
5,easy128,128,9526,2,32,0.8933,0.90,150,-1,-1,0.0000,0.0000
5,easy128,128,9526,2,32,0.8933,0.95,25,-1,-1,0.0000,0.0000
5,easy128,128,9526,2,32,0.8933,0.95,50,-1,-1,0.0000,0.0000
5,easy128,128,9526,2,32,0.8933,0.95,100,-1,-1,0.0000,0.0000
5,easy128,128,9526,2,32,0.8933,0.95,150,-1,-1,0.0000,0.0000
5,easy128,128,9526,2,32,0.8933,0.97,25,-1,-1,0.0000,0.0000
5,easy128,128,9526,2,32,0.8933,0.97,50,-1,-1,0.0000,0.0000
5,easy128,128,9526,2,32,0.8933,0.97,100,-1,-1,0.0000,0.0000
5,easy128,128,9526,2,32,0.8933,0.97,150,-1,-1,0.0000,0.0000
5,easy128,128,9526,4,64,0.9917,0.90,25,200,20,0.9120,0.9133
5,easy128,128,9526,4,64,0.9917,0.90,50,200,20,0.9080,0.9133
5,easy128,128,9526,4,64,0.9917,0.90,100,200,20,0.9110,0.9133
5,easy128,128,9526,4,64,0.9917,0.90,150,200,20,0.9153,0.9133
5,easy128,128,9526,4,64,0.9917,0.95,25,500,30,0.9560,0.9767
5,easy128,128,9526,4,64,0.9917,0.95,50,500,50,0.9780,0.9917
5,easy128,128,9526,4,64,0.9917,0.95,100,500,30,0.9630,0.9767
5,easy128,128,9526,4,64,0.9917,0.95,150,500,30,0.9700,0.9767
5,easy128,128,9526,4,64,0.9917,0.97,25,500,50,0.9840,0.9917
5,easy128,128,9526,4,64,0.9917,0.97,50,500,50,0.9780,0.9917
5,easy128,128,9526,4,64,0.9917,0.97,100,500,50,0.9820,0.9917
5,easy128,128,9526,4,64,0.9917,0.97,150,500,50,0.9853,0.9917
5,easy128,128,9526,32,512,0.9917,0.90,25,100,10,0.9080,0.8883
5,easy128,128,9526,32,512,0.9917,0.90,50,100,10,0.9060,0.8883
5,easy128,128,9526,32,512,0.9917,0.90,100,200,10,0.9460,0.9600
5,easy128,128,9526,32,512,0.9917,0.90,150,200,10,0.9500,0.9600
5,easy128,128,9526,32,512,0.9917,0.95,25,500,10,0.9880,0.9917
5,easy128,128,9526,32,512,0.9917,0.95,50,500,10,0.9880,0.9917
5,easy128,128,9526,32,512,0.9917,0.95,100,500,10,0.9830,0.9917
5,easy128,128,9526,32,512,0.9917,0.95,150,500,10,0.9833,0.9917
5,easy128,128,9526,32,512,0.9917,0.97,25,500,10,0.9880,0.9917
5,easy128,128,9526,32,512,0.9917,0.97,50,500,10,0.9880,0.9917
5,easy128,128,9526,32,512,0.9917,0.97,100,500,10,0.9830,0.9917
5,easy128,128,9526,32,512,0.9917,0.97,150,500,10,0.9833,0.9917
6,easy128,128,5009,1,16,0.9000,0.90,25,-1,-1,0.0000,0.0000
6,easy128,128,5009,1,16,0.9000,0.90,50,-1,-1,0.0000,0.0000
6,easy128,128,5009,1,16,0.9000,0.90,100,-1,-1,0.0000,0.0000
6,easy128,128,5009,1,16,0.9000,0.90,150,-1,-1,0.0000,0.0000
6,easy128,128,5009,1,16,0.9000,0.95,25,-1,-1,0.0000,0.0000
6,easy128,128,5009,1,16,0.9000,0.95,50,-1,-1,0.0000,0.0000
6,easy128,128,5009,1,16,0.9000,0.95,100,-1,-1,0.0000,0.0000
6,easy128,128,5009,1,16,0.9000,0.95,150,-1,-1,0.0000,0.0000
6,easy128,128,5009,1,16,0.9000,0.97,25,-1,-1,0.0000,0.0000
6,easy128,128,5009,1,16,0.9000,0.97,50,-1,-1,0.0000,0.0000
6,easy128,128,5009,1,16,0.9000,0.97,100,-1,-1,0.0000,0.0000
6,easy128,128,5009,1,16,0.9000,0.97,150,-1,-1,0.0000,0.0000
6,easy128,128,5009,2,32,0.9533,0.90,25,500,500,0.9280,0.9533
6,easy128,128,5009,2,32,0.9533,0.90,50,500,500,0.9160,0.9533
6,easy128,128,5009,2,32,0.9533,0.90,100,500,500,0.9240,0.9533
6,easy128,128,5009,2,32,0.9533,0.90,150,500,500,0.9347,0.9533
6,easy128,128,5009,2,32,0.9533,0.95,25,-1,-1,0.0000,0.0000
6,easy128,128,5009,2,32,0.9533,0.95,50,-1,-1,0.0000,0.0000
6,easy128,128,5009,2,32,0.9533,0.95,100,-1,-1,0.0000,0.0000
6,easy128,128,5009,2,32,0.9533,0.95,150,-1,-1,0.0000,0.0000
6,easy128,128,5009,2,32,0.9533,0.97,25,-1,-1,0.0000,0.0000
6,easy128,128,5009,2,32,0.9533,0.97,50,-1,-1,0.0000,0.0000
6,easy128,128,5009,2,32,0.9533,0.97,100,-1,-1,0.0000,0.0000
6,easy128,128,5009,2,32,0.9533,0.97,150,-1,-1,0.0000,0.0000
6,easy128,128,5009,4,64,0.9967,0.90,25,100,20,0.9120,0.9217
6,easy128,128,5009,4,64,0.9967,0.90,50,100,30,0.9200,0.9467
6,easy128,128,5009,4,64,0.9967,0.90,100,100,20,0.9160,0.9217
6,easy128,128,5009,4,64,0.9967,0.90,150,100,20,0.9100,0.9217
6,easy128,128,5009,4,64,0.9967,0.95,25,200,20,0.9560,0.9500
6,easy128,128,5009,4,64,0.9967,0.95,50,200,30,0.9760,0.9783
6,easy128,128,5009,4,64,0.9967,0.95,100,200,30,0.9790,0.9783
6,easy128,128,5009,4,64,0.9967,0.95,150,200,30,0.9767,0.9783
6,easy128,128,5009,4,64,0.9967,0.97,25,200,30,0.9840,0.9783
6,easy128,128,5009,4,64,0.9967,0.97,50,200,30,0.9760,0.9783
6,easy128,128,5009,4,64,0.9967,0.97,100,200,30,0.9790,0.9783
6,easy128,128,5009,4,64,0.9967,0.97,150,200,30,0.9767,0.9783
6,easy128,128,5009,32,512,0.9950,0.90,25,100,10,0.9440,0.9600
6,easy128,128,5009,32,512,0.9950,0.90,50,100,10,0.9440,0.9600
6,easy128,128,5009,32,512,0.9950,0.90,100,100,10,0.9460,0.9600
6,easy128,128,5009,32,512,0.9950,0.90,150,100,10,0.9400,0.9600
6,easy128,128,5009,32,512,0.9950,0.95,25,200,10,1.0000,0.9850
6,easy128,128,5009,32,512,0.9950,0.95,50,200,10,0.9880,0.9850
6,easy128,128,5009,32,512,0.9950,0.95,100,200,10,0.9850,0.9850
6,easy128,128,5009,32,512,0.9950,0.95,150,200,10,0.9820,0.9850
6,easy128,128,5009,32,512,0.9950,0.97,25,200,10,1.0000,0.9850
6,easy128,128,5009,32,512,0.9950,0.97,50,200,10,0.9880,0.9850
6,easy128,128,5009,32,512,0.9950,0.97,100,200,10,0.9850,0.9850
6,easy128,128,5009,32,512,0.9950,0.97,150,200,10,0.9820,0.9850
7,easy128,128,5001,1,16,0.8767,0.90,25,-1,-1,0.0000,0.0000
7,easy128,128,5001,1,16,0.8767,0.90,50,-1,-1,0.0000,0.0000
7,easy128,128,5001,1,16,0.8767,0.90,100,-1,-1,0.0000,0.0000
7,easy128,128,5001,1,16,0.8767,0.90,150,-1,-1,0.0000,0.0000
7,easy128,128,5001,1,16,0.8767,0.95,25,-1,-1,0.0000,0.0000
7,easy128,128,5001,1,16,0.8767,0.95,50,-1,-1,0.0000,0.0000
7,easy128,128,5001,1,16,0.8767,0.95,100,-1,-1,0.0000,0.0000
7,easy128,128,5001,1,16,0.8767,0.95,150,-1,-1,0.0000,0.0000
7,easy128,128,5001,1,16,0.8767,0.97,25,-1,-1,0.0000,0.0000
7,easy128,128,5001,1,16,0.8767,0.97,50,-1,-1,0.0000,0.0000
7,easy128,128,5001,1,16,0.8767,0.97,100,-1,-1,0.0000,0.0000
7,easy128,128,5001,1,16,0.8767,0.97,150,-1,-1,0.0000,0.0000
7,easy128,128,5001,2,32,0.9633,0.90,25,500,500,0.9240,0.9633
7,easy128,128,5001,2,32,0.9633,0.90,50,500,500,0.9280,0.9633
7,easy128,128,5001,2,32,0.9633,0.90,100,500,500,0.9400,0.9633
7,easy128,128,5001,2,32,0.9633,0.90,150,500,500,0.9413,0.9633
7,easy128,128,5001,2,32,0.9633,0.95,25,-1,-1,0.0000,0.0000
7,easy128,128,5001,2,32,0.9633,0.95,50,-1,-1,0.0000,0.0000
7,easy128,128,5001,2,32,0.9633,0.95,100,-1,-1,0.0000,0.0000
7,easy128,128,5001,2,32,0.9633,0.95,150,-1,-1,0.0000,0.0000
7,easy128,128,5001,2,32,0.9633,0.97,25,-1,-1,0.0000,0.0000
7,easy128,128,5001,2,32,0.9633,0.97,50,-1,-1,0.0000,0.0000
7,easy128,128,5001,2,32,0.9633,0.97,100,-1,-1,0.0000,0.0000
7,easy128,128,5001,2,32,0.9633,0.97,150,-1,-1,0.0000,0.0000
7,easy128,128,5001,4,64,1.0000,0.90,25,200,20,0.9400,0.9667
7,easy128,128,5001,4,64,1.0000,0.90,50,100,50,0.9080,0.9600
7,easy128,128,5001,4,64,1.0000,0.90,100,100,20,0.9090,0.9400
7,easy128,128,5001,4,64,1.0000,0.90,150,100,20,0.9107,0.9400
7,easy128,128,5001,4,64,1.0000,0.95,25,200,30,0.9600,0.9883
7,easy128,128,5001,4,64,1.0000,0.95,50,200,30,0.9580,0.9883
7,easy128,128,5001,4,64,1.0000,0.95,100,200,30,0.9670,0.9883
7,easy128,128,5001,4,64,1.0000,0.95,150,200,30,0.9693,0.9883
7,easy128,128,5001,4,64,1.0000,0.97,25,200,50,0.9800,0.9900
7,easy128,128,5001,4,64,1.0000,0.97,50,500,30,0.9760,0.9967
7,easy128,128,5001,4,64,1.0000,0.97,100,200,50,0.9770,0.9900
7,easy128,128,5001,4,64,1.0000,0.97,150,200,50,0.9780,0.9900
7,easy128,128,5001,32,512,1.0000,0.90,25,100,10,0.9280,0.9583
7,easy128,128,5001,32,512,1.0000,0.90,50,100,10,0.9420,0.9583
7,easy128,128,5001,32,512,1.0000,0.90,100,100,10,0.9450,0.9583
7,easy128,128,5001,32,512,1.0000,0.90,150,100,10,0.9467,0.9583
7,easy128,128,5001,32,512,1.0000,0.95,25,200,10,0.9680,0.9967
7,easy128,128,5001,32,512,1.0000,0.95,50,200,10,0.9700,0.9967
7,easy128,128,5001,32,512,1.0000,0.95,100,200,10,0.9780,0.9967
7,easy128,128,5001,32,512,1.0000,0.95,150,200,10,0.9780,0.9967
7,easy128,128,5001,32,512,1.0000,0.97,25,500,10,0.9880,1.0000
7,easy128,128,5001,32,512,1.0000,0.97,50,500,10,0.9900,1.0000
7,easy128,128,5001,32,512,1.0000,0.97,100,200,10,0.9780,0.9967
7,easy128,128,5001,32,512,1.0000,0.97,150,200,10,0.9780,0.9967
8,easy128,128,5935,1,16,0.8617,0.90,25,-1,-1,0.0000,0.0000
8,easy128,128,5935,1,16,0.8617,0.90,50,-1,-1,0.0000,0.0000
8,easy128,128,5935,1,16,0.8617,0.90,100,-1,-1,0.0000,0.0000
8,easy128,128,5935,1,16,0.8617,0.90,150,-1,-1,0.0000,0.0000
8,easy128,128,5935,1,16,0.8617,0.95,25,-1,-1,0.0000,0.0000
8,easy128,128,5935,1,16,0.8617,0.95,50,-1,-1,0.0000,0.0000
8,easy128,128,5935,1,16,0.8617,0.95,100,-1,-1,0.0000,0.0000
8,easy128,128,5935,1,16,0.8617,0.95,150,-1,-1,0.0000,0.0000
8,easy128,128,5935,1,16,0.8617,0.97,25,-1,-1,0.0000,0.0000
8,easy128,128,5935,1,16,0.8617,0.97,50,-1,-1,0.0000,0.0000
8,easy128,128,5935,1,16,0.8617,0.97,100,-1,-1,0.0000,0.0000
8,easy128,128,5935,1,16,0.8617,0.97,150,-1,-1,0.0000,0.0000
8,easy128,128,5935,2,32,0.9300,0.90,25,500,500,0.9160,0.9300
8,easy128,128,5935,2,32,0.9300,0.90,50,500,500,0.9260,0.9300
8,easy128,128,5935,2,32,0.9300,0.90,100,500,500,0.9200,0.9300
8,easy128,128,5935,2,32,0.9300,0.90,150,500,500,0.9067,0.9300
8,easy128,128,5935,2,32,0.9300,0.95,25,-1,-1,0.0000,0.0000
8,easy128,128,5935,2,32,0.9300,0.95,50,-1,-1,0.0000,0.0000
8,easy128,128,5935,2,32,0.9300,0.95,100,-1,-1,0.0000,0.0000
8,easy128,128,5935,2,32,0.9300,0.95,150,-1,-1,0.0000,0.0000
8,easy128,128,5935,2,32,0.9300,0.97,25,-1,-1,0.0000,0.0000
8,easy128,128,5935,2,32,0.9300,0.97,50,-1,-1,0.0000,0.0000
8,easy128,128,5935,2,32,0.9300,0.97,100,-1,-1,0.0000,0.0000
8,easy128,128,5935,2,32,0.9300,0.97,150,-1,-1,0.0000,0.0000
8,easy128,128,5935,4,64,0.9900,0.90,25,100,30,0.9280,0.9133
8,easy128,128,5935,4,64,0.9900,0.90,50,100,30,0.9160,0.9133
8,easy128,128,5935,4,64,0.9900,0.90,100,100,30,0.9190,0.9133
8,easy128,128,5935,4,64,0.9900,0.90,150,100,30,0.9287,0.9133
8,easy128,128,5935,4,64,0.9900,0.95,25,200,30,0.9760,0.9600
8,easy128,128,5935,4,64,0.9900,0.95,50,200,30,0.9720,0.9600
8,easy128,128,5935,4,64,0.9900,0.95,100,200,30,0.9670,0.9600
8,easy128,128,5935,4,64,0.9900,0.95,150,200,30,0.9680,0.9600
8,easy128,128,5935,4,64,0.9900,0.97,25,200,30,0.9760,0.9600
8,easy128,128,5935,4,64,0.9900,0.97,50,200,100,0.9760,0.9700
8,easy128,128,5935,4,64,0.9900,0.97,100,500,30,0.9840,0.9800
8,easy128,128,5935,4,64,0.9900,0.97,150,500,30,0.9880,0.9800
8,easy128,128,5935,32,512,0.9933,0.90,25,100,10,0.9240,0.9300
8,easy128,128,5935,32,512,0.9933,0.90,50,100,10,0.9220,0.9300
8,easy128,128,5935,32,512,0.9933,0.90,100,100,10,0.9350,0.9300
8,easy128,128,5935,32,512,0.9933,0.90,150,100,10,0.9380,0.9300
8,easy128,128,5935,32,512,0.9933,0.95,25,200,10,0.9600,0.9783
8,easy128,128,5935,32,512,0.9933,0.95,50,200,10,0.9660,0.9783
8,easy128,128,5935,32,512,0.9933,0.95,100,200,10,0.9740,0.9783
8,easy128,128,5935,32,512,0.9933,0.95,150,200,10,0.9780,0.9783
8,easy128,128,5935,32,512,0.9933,0.97,25,500,10,0.9760,0.9933
8,easy128,128,5935,32,512,0.9933,0.97,50,500,10,0.9820,0.9933
8,easy128,128,5935,32,512,0.9933,0.97,100,500,10,0.9910,0.9933
8,easy128,128,5935,32,512,0.9933,0.97,150,200,10,0.9780,0.9783
9,easy128,128,7114,1,16,0.8683,0.90,25,-1,-1,0.0000,0.0000
9,easy128,128,7114,1,16,0.8683,0.90,50,-1,-1,0.0000,0.0000
9,easy128,128,7114,1,16,0.8683,0.90,100,-1,-1,0.0000,0.0000
9,easy128,128,7114,1,16,0.8683,0.90,150,-1,-1,0.0000,0.0000
9,easy128,128,7114,1,16,0.8683,0.95,25,-1,-1,0.0000,0.0000
9,easy128,128,7114,1,16,0.8683,0.95,50,-1,-1,0.0000,0.0000
9,easy128,128,7114,1,16,0.8683,0.95,100,-1,-1,0.0000,0.0000
9,easy128,128,7114,1,16,0.8683,0.95,150,-1,-1,0.0000,0.0000
9,easy128,128,7114,1,16,0.8683,0.97,25,-1,-1,0.0000,0.0000
9,easy128,128,7114,1,16,0.8683,0.97,50,-1,-1,0.0000,0.0000
9,easy128,128,7114,1,16,0.8683,0.97,100,-1,-1,0.0000,0.0000
9,easy128,128,7114,1,16,0.8683,0.97,150,-1,-1,0.0000,0.0000
9,easy128,128,7114,2,32,0.9283,0.90,25,-1,-1,0.0000,0.0000
9,easy128,128,7114,2,32,0.9283,0.90,50,-1,-1,0.0000,0.0000
9,easy128,128,7114,2,32,0.9283,0.90,100,500,500,0.9080,0.9283
9,easy128,128,7114,2,32,0.9283,0.90,150,500,500,0.9127,0.9283
9,easy128,128,7114,2,32,0.9283,0.95,25,-1,-1,0.0000,0.0000
9,easy128,128,7114,2,32,0.9283,0.95,50,-1,-1,0.0000,0.0000
9,easy128,128,7114,2,32,0.9283,0.95,100,-1,-1,0.0000,0.0000
9,easy128,128,7114,2,32,0.9283,0.95,150,-1,-1,0.0000,0.0000
9,easy128,128,7114,2,32,0.9283,0.97,25,-1,-1,0.0000,0.0000
9,easy128,128,7114,2,32,0.9283,0.97,50,-1,-1,0.0000,0.0000
9,easy128,128,7114,2,32,0.9283,0.97,100,-1,-1,0.0000,0.0000
9,easy128,128,7114,2,32,0.9283,0.97,150,-1,-1,0.0000,0.0000
9,easy128,128,7114,4,64,0.9900,0.90,25,100,300,0.9080,0.9350
9,easy128,128,7114,4,64,0.9900,0.90,50,100,30,0.9060,0.9300
9,easy128,128,7114,4,64,0.9900,0.90,100,100,50,0.9090,0.9350
9,easy128,128,7114,4,64,0.9900,0.90,150,100,50,0.9060,0.9350
9,easy128,128,7114,4,64,0.9900,0.95,25,200,30,0.9600,0.9650
9,easy128,128,7114,4,64,0.9900,0.95,50,200,30,0.9640,0.9650
9,easy128,128,7114,4,64,0.9900,0.95,100,200,30,0.9620,0.9650
9,easy128,128,7114,4,64,0.9900,0.95,150,200,30,0.9580,0.9650
9,easy128,128,7114,4,64,0.9900,0.97,25,200,100,0.9760,0.9733
9,easy128,128,7114,4,64,0.9900,0.97,50,200,50,0.9760,0.9733
9,easy128,128,7114,4,64,0.9900,0.97,100,200,100,0.9760,0.9733
9,easy128,128,7114,4,64,0.9900,0.97,150,500,30,0.9773,0.9800
9,easy128,128,7114,32,512,0.9900,0.90,25,100,10,0.9240,0.9300
9,easy128,128,7114,32,512,0.9900,0.90,50,100,10,0.9120,0.9300
9,easy128,128,7114,32,512,0.9900,0.90,100,100,10,0.9190,0.9300
9,easy128,128,7114,32,512,0.9900,0.90,150,100,10,0.9133,0.9300
9,easy128,128,7114,32,512,0.9900,0.95,25,200,10,0.9720,0.9767
9,easy128,128,7114,32,512,0.9900,0.95,50,200,10,0.9740,0.9767
9,easy128,128,7114,32,512,0.9900,0.95,100,200,10,0.9710,0.9767
9,easy128,128,7114,32,512,0.9900,0.95,150,200,10,0.9693,0.9767
9,easy128,128,7114,32,512,0.9900,0.97,25,200,20,0.9800,0.9767
9,easy128,128,7114,32,512,0.9900,0.97,50,500,10,0.9960,0.9900
9,easy128,128,7114,32,512,0.9900,0.97,100,500,10,0.9850,0.9900
9,easy128,128,7114,32,512,0.9900,0.97,150,500,10,0.9880,0.9900
10,sift128,128,8015,1,16,0.9900,0.90,25,200,200,0.9320,0.9383
10,sift128,128,8015,1,16,0.9900,0.90,50,200,200,0.9320,0.9383
10,sift128,128,8015,1,16,0.9900,0.90,100,200,200,0.9490,0.9383
10,sift128,128,8015,1,16,0.9900,0.90,150,200,200,0.9520,0.9383
10,sift128,128,8015,1,16,0.9900,0.95,25,500,500,0.9720,0.9900
10,sift128,128,8015,1,16,0.9900,0.95,50,500,300,0.9580,0.9717
10,sift128,128,8015,1,16,0.9900,0.95,100,500,300,0.9710,0.9717
10,sift128,128,8015,1,16,0.9900,0.95,150,500,300,0.9727,0.9717
10,sift128,128,8015,1,16,0.9900,0.97,25,-1,-1,0.0000,0.0000
10,sift128,128,8015,1,16,0.9900,0.97,50,500,500,0.9800,0.9900
10,sift128,128,8015,1,16,0.9900,0.97,100,500,500,0.9870,0.9900
10,sift128,128,8015,1,16,0.9900,0.97,150,500,500,0.9880,0.9900
10,sift128,128,8015,2,32,1.0000,0.90,25,50,50,0.9520,0.9550
10,sift128,128,8015,2,32,1.0000,0.90,50,50,30,0.9160,0.8983
10,sift128,128,8015,2,32,1.0000,0.90,100,50,30,0.9300,0.8983
10,sift128,128,8015,2,32,1.0000,0.90,150,50,30,0.9253,0.8983
10,sift128,128,8015,2,32,1.0000,0.95,25,50,100,0.9560,0.9550
10,sift128,128,8015,2,32,1.0000,0.95,50,50,50,0.9600,0.9550
10,sift128,128,8015,2,32,1.0000,0.95,100,50,50,0.9660,0.9550
10,sift128,128,8015,2,32,1.0000,0.95,150,50,50,0.9633,0.9550
10,sift128,128,8015,2,32,1.0000,0.97,25,100,100,1.0000,0.9917
10,sift128,128,8015,2,32,1.0000,0.97,50,100,100,1.0000,0.9917
10,sift128,128,8015,2,32,1.0000,0.97,100,100,100,0.9970,0.9917
10,sift128,128,8015,2,32,1.0000,0.97,150,100,100,0.9960,0.9917
10,sift128,128,8015,4,64,1.0000,0.90,25,20,20,0.9480,0.9750
10,sift128,128,8015,4,64,1.0000,0.90,50,20,20,0.9540,0.9750
10,sift128,128,8015,4,64,1.0000,0.90,100,20,20,0.9650,0.9750
10,sift128,128,8015,4,64,1.0000,0.90,150,20,20,0.9667,0.9750
10,sift128,128,8015,4,64,1.0000,0.95,25,50,20,0.9880,0.9967
10,sift128,128,8015,4,64,1.0000,0.95,50,20,30,0.9560,0.9750
10,sift128,128,8015,4,64,1.0000,0.95,100,20,20,0.9650,0.9750
10,sift128,128,8015,4,64,1.0000,0.95,150,20,20,0.9667,0.9750
10,sift128,128,8015,4,64,1.0000,0.97,25,50,20,0.9880,0.9967
10,sift128,128,8015,4,64,1.0000,0.97,50,50,20,0.9900,0.9967
10,sift128,128,8015,4,64,1.0000,0.97,100,50,20,0.9900,0.9967
10,sift128,128,8015,4,64,1.0000,0.97,150,50,20,0.9940,0.9967
10,sift128,128,8015,32,512,1.0000,0.90,25,20,10,0.9480,0.9767
10,sift128,128,8015,32,512,1.0000,0.90,50,20,10,0.9620,0.9767
10,sift128,128,8015,32,512,1.0000,0.90,100,20,10,0.9680,0.9767
10,sift128,128,8015,32,512,1.0000,0.90,150,20,10,0.9660,0.9767
10,sift128,128,8015,32,512,1.0000,0.95,25,50,10,1.0000,0.9983
10,sift128,128,8015,32,512,1.0000,0.95,50,20,10,0.9620,0.9767
10,sift128,128,8015,32,512,1.0000,0.95,100,20,10,0.9680,0.9767
10,sift128,128,8015,32,512,1.0000,0.95,150,20,10,0.9660,0.9767
10,sift128,128,8015,32,512,1.0000,0.97,25,50,10,1.0000,0.9983
10,sift128,128,8015,32,512,1.0000,0.97,50,50,10,1.0000,0.9983
10,sift128,128,8015,32,512,1.0000,0.97,100,50,10,0.9940,0.9983
10,sift128,128,8015,32,512,1.0000,0.97,150,50,10,0.9947,0.9983
11,sift128,128,5097,1,16,1.0000,0.90,25,200,200,0.9600,0.9833
11,sift128,128,5097,1,16,1.0000,0.90,50,200,200,0.9480,0.9833
11,sift128,128,5097,1,16,1.0000,0.90,100,100,100,0.9130,0.9300
11,sift128,128,5097,1,16,1.0000,0.90,150,100,100,0.9087,0.9300
11,sift128,128,5097,1,16,1.0000,0.95,25,200,200,0.9600,0.9833
11,sift128,128,5097,1,16,1.0000,0.95,50,500,300,0.9780,0.9950
11,sift128,128,5097,1,16,1.0000,0.95,100,200,200,0.9680,0.9833
11,sift128,128,5097,1,16,1.0000,0.95,150,200,200,0.9747,0.9833
11,sift128,128,5097,1,16,1.0000,0.97,25,500,300,0.9880,0.9950
11,sift128,128,5097,1,16,1.0000,0.97,50,500,300,0.9780,0.9950
11,sift128,128,5097,1,16,1.0000,0.97,100,500,300,0.9860,0.9950
11,sift128,128,5097,1,16,1.0000,0.97,150,500,200,0.9753,0.9817
11,sift128,128,5097,2,32,1.0000,0.90,25,50,50,0.9760,0.9683
11,sift128,128,5097,2,32,1.0000,0.90,50,50,30,0.9180,0.9100
11,sift128,128,5097,2,32,1.0000,0.90,100,50,30,0.9400,0.9100
11,sift128,128,5097,2,32,1.0000,0.90,150,50,30,0.9413,0.9100
11,sift128,128,5097,2,32,1.0000,0.95,25,50,50,0.9760,0.9683
11,sift128,128,5097,2,32,1.0000,0.95,50,50,50,0.9800,0.9683
11,sift128,128,5097,2,32,1.0000,0.95,100,50,50,0.9840,0.9683
11,sift128,128,5097,2,32,1.0000,0.95,150,50,50,0.9787,0.9683
11,sift128,128,5097,2,32,1.0000,0.97,25,50,50,0.9760,0.9683
11,sift128,128,5097,2,32,1.0000,0.97,50,50,50,0.9800,0.9683
11,sift128,128,5097,2,32,1.0000,0.97,100,50,50,0.9840,0.9683
11,sift128,128,5097,2,32,1.0000,0.97,150,50,50,0.9787,0.9683
11,sift128,128,5097,4,64,1.0000,0.90,25,20,20,0.9720,0.9733
11,sift128,128,5097,4,64,1.0000,0.90,50,20,20,0.9780,0.9733
11,sift128,128,5097,4,64,1.0000,0.90,100,20,20,0.9820,0.9733
11,sift128,128,5097,4,64,1.0000,0.90,150,20,20,0.9807,0.9733
11,sift128,128,5097,4,64,1.0000,0.95,25,20,20,0.9720,0.9733
11,sift128,128,5097,4,64,1.0000,0.95,50,20,20,0.9780,0.9733
11,sift128,128,5097,4,64,1.0000,0.95,100,20,20,0.9820,0.9733
11,sift128,128,5097,4,64,1.0000,0.95,150,20,20,0.9807,0.9733
11,sift128,128,5097,4,64,1.0000,0.97,25,50,20,0.9880,1.0000
11,sift128,128,5097,4,64,1.0000,0.97,50,20,20,0.9780,0.9733
11,sift128,128,5097,4,64,1.0000,0.97,100,20,20,0.9820,0.9733
11,sift128,128,5097,4,64,1.0000,0.97,150,20,20,0.9807,0.9733
11,sift128,128,5097,32,512,1.0000,0.90,25,20,10,0.9640,0.9617
11,sift128,128,5097,32,512,1.0000,0.90,50,20,10,0.9740,0.9617
11,sift128,128,5097,32,512,1.0000,0.90,100,20,10,0.9790,0.9617
11,sift128,128,5097,32,512,1.0000,0.90,150,20,10,0.9780,0.9617
11,sift128,128,5097,32,512,1.0000,0.95,25,20,10,0.9640,0.9617
11,sift128,128,5097,32,512,1.0000,0.95,50,20,10,0.9740,0.9617
11,sift128,128,5097,32,512,1.0000,0.95,100,20,10,0.9790,0.9617
11,sift128,128,5097,32,512,1.0000,0.95,150,20,10,0.9780,0.9617
11,sift128,128,5097,32,512,1.0000,0.97,25,50,10,0.9920,1.0000
11,sift128,128,5097,32,512,1.0000,0.97,50,50,10,0.9940,1.0000
11,sift128,128,5097,32,512,1.0000,0.97,100,20,10,0.9790,0.9617
11,sift128,128,5097,32,512,1.0000,0.97,150,20,10,0.9780,0.9617
12,sift128,128,5633,1,16,1.0000,0.90,25,200,200,0.9560,0.9750
12,sift128,128,5633,1,16,1.0000,0.90,50,200,200,0.9660,0.9750
12,sift128,128,5633,1,16,1.0000,0.90,100,100,100,0.9170,0.9167
12,sift128,128,5633,1,16,1.0000,0.90,150,100,100,0.9107,0.9167
12,sift128,128,5633,1,16,1.0000,0.95,25,200,200,0.9560,0.9750
12,sift128,128,5633,1,16,1.0000,0.95,50,200,200,0.9660,0.9750
12,sift128,128,5633,1,16,1.0000,0.95,100,200,200,0.9710,0.9750
12,sift128,128,5633,1,16,1.0000,0.95,150,200,200,0.9713,0.9750
12,sift128,128,5633,1,16,1.0000,0.97,25,500,300,0.9760,0.9867
12,sift128,128,5633,1,16,1.0000,0.97,50,500,300,0.9820,0.9867
12,sift128,128,5633,1,16,1.0000,0.97,100,500,300,0.9890,0.9867
12,sift128,128,5633,1,16,1.0000,0.97,150,500,300,0.9893,0.9867
12,sift128,128,5633,2,32,1.0000,0.90,25,50,50,0.9560,0.9583
12,sift128,128,5633,2,32,1.0000,0.90,50,50,30,0.9100,0.8867
12,sift128,128,5633,2,32,1.0000,0.90,100,50,30,0.9360,0.8867
12,sift128,128,5633,2,32,1.0000,0.90,150,50,30,0.9240,0.8867
12,sift128,128,5633,2,32,1.0000,0.95,25,50,50,0.9560,0.9583
12,sift128,128,5633,2,32,1.0000,0.95,50,50,50,0.9720,0.9583
12,sift128,128,5633,2,32,1.0000,0.95,100,50,50,0.9770,0.9583
12,sift128,128,5633,2,32,1.0000,0.95,150,50,50,0.9747,0.9583
12,sift128,128,5633,2,32,1.0000,0.97,25,100,100,1.0000,0.9950
12,sift128,128,5633,2,32,1.0000,0.97,50,100,100,1.0000,0.9950
12,sift128,128,5633,2,32,1.0000,0.97,100,50,50,0.9770,0.9583
12,sift128,128,5633,2,32,1.0000,0.97,150,100,50,0.9773,0.9567
12,sift128,128,5633,4,64,1.0000,0.90,25,20,20,0.9440,0.9617
12,sift128,128,5633,4,64,1.0000,0.90,50,20,20,0.9560,0.9617
12,sift128,128,5633,4,64,1.0000,0.90,100,20,20,0.9360,0.9617
12,sift128,128,5633,4,64,1.0000,0.90,150,20,20,0.9480,0.9617
12,sift128,128,5633,4,64,1.0000,0.95,25,50,20,0.9880,0.9950
12,sift128,128,5633,4,64,1.0000,0.95,50,20,20,0.9560,0.9617
12,sift128,128,5633,4,64,1.0000,0.95,100,50,20,0.9650,0.9950
12,sift128,128,5633,4,64,1.0000,0.95,150,50,20,0.9753,0.9950
12,sift128,128,5633,4,64,1.0000,0.97,25,50,20,0.9880,0.9950
12,sift128,128,5633,4,64,1.0000,0.97,50,50,20,0.9900,0.9950
12,sift128,128,5633,4,64,1.0000,0.97,100,200,20,1.0000,1.0000
12,sift128,128,5633,4,64,1.0000,0.97,150,50,20,0.9753,0.9950
12,sift128,128,5633,32,512,1.0000,0.90,25,20,10,0.9320,0.9483
12,sift128,128,5633,32,512,1.0000,0.90,50,20,10,0.9460,0.9483
12,sift128,128,5633,32,512,1.0000,0.90,100,20,10,0.9370,0.9483
12,sift128,128,5633,32,512,1.0000,0.90,150,20,10,0.9360,0.9483
12,sift128,128,5633,32,512,1.0000,0.95,25,50,10,1.0000,0.9933
12,sift128,128,5633,32,512,1.0000,0.95,50,50,10,1.0000,0.9933
12,sift128,128,5633,32,512,1.0000,0.95,100,50,10,0.9680,0.9933
12,sift128,128,5633,32,512,1.0000,0.95,150,50,10,0.9760,0.9933
12,sift128,128,5633,32,512,1.0000,0.97,25,50,10,1.0000,0.9933
12,sift128,128,5633,32,512,1.0000,0.97,50,50,10,1.0000,0.9933
12,sift128,128,5633,32,512,1.0000,0.97,100,100,10,1.0000,0.9967
12,sift128,128,5633,32,512,1.0000,0.97,150,50,10,0.9760,0.9933
13,sift128,128,5073,1,16,0.9983,0.90,25,200,200,0.9760,0.9683
13,sift128,128,5073,1,16,0.9983,0.90,50,100,100,0.9200,0.9017
13,sift128,128,5073,1,16,0.9983,0.90,100,100,100,0.9250,0.9017
13,sift128,128,5073,1,16,0.9983,0.90,150,100,100,0.9193,0.9017
13,sift128,128,5073,1,16,0.9983,0.95,25,200,200,0.9760,0.9683
13,sift128,128,5073,1,16,0.9983,0.95,50,200,200,0.9780,0.9683
13,sift128,128,5073,1,16,0.9983,0.95,100,200,200,0.9830,0.9683
13,sift128,128,5073,1,16,0.9983,0.95,150,200,200,0.9767,0.9683
13,sift128,128,5073,1,16,0.9983,0.97,25,200,200,0.9760,0.9683
13,sift128,128,5073,1,16,0.9983,0.97,50,200,200,0.9780,0.9683
13,sift128,128,5073,1,16,0.9983,0.97,100,200,200,0.9830,0.9683
13,sift128,128,5073,1,16,0.9983,0.97,150,200,200,0.9767,0.9683
13,sift128,128,5073,2,32,1.0000,0.90,25,50,50,0.9320,0.9633
13,sift128,128,5073,2,32,1.0000,0.90,50,50,30,0.9260,0.9150
13,sift128,128,5073,2,32,1.0000,0.90,100,50,30,0.9220,0.9150
13,sift128,128,5073,2,32,1.0000,0.90,150,50,30,0.9133,0.9150
13,sift128,128,5073,2,32,1.0000,0.95,25,100,100,0.9760,0.9933
13,sift128,128,5073,2,32,1.0000,0.95,50,50,50,0.9560,0.9633
13,sift128,128,5073,2,32,1.0000,0.95,100,50,50,0.9630,0.9633
13,sift128,128,5073,2,32,1.0000,0.95,150,50,50,0.9627,0.9633
13,sift128,128,5073,2,32,1.0000,0.97,25,100,100,0.9760,0.9933
13,sift128,128,5073,2,32,1.0000,0.97,50,100,100,0.9860,0.9933
13,sift128,128,5073,2,32,1.0000,0.97,100,100,100,0.9930,0.9933
13,sift128,128,5073,2,32,1.0000,0.97,150,100,100,0.9940,0.9933
13,sift128,128,5073,4,64,1.0000,0.90,25,20,20,0.9560,0.9700
13,sift128,128,5073,4,64,1.0000,0.90,50,20,20,0.9660,0.9700
13,sift128,128,5073,4,64,1.0000,0.90,100,20,20,0.9640,0.9700
13,sift128,128,5073,4,64,1.0000,0.90,150,20,20,0.9627,0.9700
13,sift128,128,5073,4,64,1.0000,0.95,25,20,20,0.9560,0.9700
13,sift128,128,5073,4,64,1.0000,0.95,50,20,20,0.9660,0.9700
13,sift128,128,5073,4,64,1.0000,0.95,100,20,20,0.9640,0.9700
13,sift128,128,5073,4,64,1.0000,0.95,150,20,20,0.9627,0.9700
13,sift128,128,5073,4,64,1.0000,0.97,25,50,20,1.0000,0.9933
13,sift128,128,5073,4,64,1.0000,0.97,50,50,20,0.9920,0.9933
13,sift128,128,5073,4,64,1.0000,0.97,100,50,20,0.9920,0.9933
13,sift128,128,5073,4,64,1.0000,0.97,150,50,20,0.9953,0.9933
13,sift128,128,5073,32,512,1.0000,0.90,25,20,10,0.9480,0.9667
13,sift128,128,5073,32,512,1.0000,0.90,50,20,10,0.9560,0.9667
13,sift128,128,5073,32,512,1.0000,0.90,100,20,10,0.9520,0.9667
13,sift128,128,5073,32,512,1.0000,0.90,150,20,10,0.9553,0.9667
13,sift128,128,5073,32,512,1.0000,0.95,25,50,10,1.0000,0.9917
13,sift128,128,5073,32,512,1.0000,0.95,50,20,10,0.9560,0.9667
13,sift128,128,5073,32,512,1.0000,0.95,100,50,10,0.9930,0.9917
13,sift128,128,5073,32,512,1.0000,0.95,150,20,10,0.9553,0.9667
13,sift128,128,5073,32,512,1.0000,0.97,25,50,10,1.0000,0.9917
13,sift128,128,5073,32,512,1.0000,0.97,50,50,10,0.9940,0.9917
13,sift128,128,5073,32,512,1.0000,0.97,100,50,10,0.9930,0.9917
13,sift128,128,5073,32,512,1.0000,0.97,150,50,10,0.9960,0.9917
14,sift128,128,5686,1,16,1.0000,0.90,25,200,200,0.9080,0.9667
14,sift128,128,5686,1,16,1.0000,0.90,50,100,500,0.9060,0.9033
14,sift128,128,5686,1,16,1.0000,0.90,100,100,100,0.9070,0.9033
14,sift128,128,5686,1,16,1.0000,0.90,150,200,200,0.9580,0.9667
14,sift128,128,5686,1,16,1.0000,0.95,25,500,300,0.9560,0.9850
14,sift128,128,5686,1,16,1.0000,0.95,50,500,200,0.9560,0.9667
14,sift128,128,5686,1,16,1.0000,0.95,100,200,200,0.9650,0.9667
14,sift128,128,5686,1,16,1.0000,0.95,150,200,200,0.9580,0.9667
14,sift128,128,5686,1,16,1.0000,0.97,25,500,500,0.9760,1.0000
14,sift128,128,5686,1,16,1.0000,0.97,50,500,300,0.9760,0.9850
14,sift128,128,5686,1,16,1.0000,0.97,100,500,300,0.9830,0.9850
14,sift128,128,5686,1,16,1.0000,0.97,150,500,300,0.9780,0.9850
14,sift128,128,5686,2,32,1.0000,0.90,25,50,50,0.9600,0.9867
14,sift128,128,5686,2,32,1.0000,0.90,50,50,30,0.9160,0.9617
14,sift128,128,5686,2,32,1.0000,0.90,100,50,30,0.9270,0.9617
14,sift128,128,5686,2,32,1.0000,0.90,150,50,30,0.9313,0.9617
14,sift128,128,5686,2,32,1.0000,0.95,25,50,50,0.9600,0.9867
14,sift128,128,5686,2,32,1.0000,0.95,50,50,50,0.9700,0.9867
14,sift128,128,5686,2,32,1.0000,0.95,100,50,50,0.9710,0.9867
14,sift128,128,5686,2,32,1.0000,0.95,150,50,50,0.9753,0.9867
14,sift128,128,5686,2,32,1.0000,0.97,25,100,100,0.9840,1.0000
14,sift128,128,5686,2,32,1.0000,0.97,50,100,100,0.9920,1.0000
14,sift128,128,5686,2,32,1.0000,0.97,100,100,100,0.9920,1.0000
14,sift128,128,5686,2,32,1.0000,0.97,150,50,50,0.9753,0.9867
14,sift128,128,5686,4,64,1.0000,0.90,25,20,20,0.9640,0.9700
14,sift128,128,5686,4,64,1.0000,0.90,50,20,10,0.9080,0.9083
14,sift128,128,5686,4,64,1.0000,0.90,100,20,10,0.9070,0.9083
14,sift128,128,5686,4,64,1.0000,0.90,150,20,10,0.9080,0.9083
14,sift128,128,5686,4,64,1.0000,0.95,25,20,20,0.9640,0.9700
14,sift128,128,5686,4,64,1.0000,0.95,50,20,20,0.9680,0.9700
14,sift128,128,5686,4,64,1.0000,0.95,100,20,20,0.9730,0.9700
14,sift128,128,5686,4,64,1.0000,0.95,150,20,20,0.9693,0.9700
14,sift128,128,5686,4,64,1.0000,0.97,25,50,20,1.0000,0.9967
14,sift128,128,5686,4,64,1.0000,0.97,50,50,20,0.9940,0.9967
14,sift128,128,5686,4,64,1.0000,0.97,100,50,20,0.9970,0.9967
14,sift128,128,5686,4,64,1.0000,0.97,150,50,20,0.9973,0.9967
14,sift128,128,5686,32,512,1.0000,0.90,25,20,10,0.9640,0.9783
14,sift128,128,5686,32,512,1.0000,0.90,50,20,10,0.9720,0.9783
14,sift128,128,5686,32,512,1.0000,0.90,100,20,10,0.9760,0.9783
14,sift128,128,5686,32,512,1.0000,0.90,150,20,10,0.9727,0.9783
14,sift128,128,5686,32,512,1.0000,0.95,25,20,10,0.9640,0.9783
14,sift128,128,5686,32,512,1.0000,0.95,50,20,10,0.9720,0.9783
14,sift128,128,5686,32,512,1.0000,0.95,100,20,10,0.9760,0.9783
14,sift128,128,5686,32,512,1.0000,0.95,150,20,10,0.9727,0.9783
14,sift128,128,5686,32,512,1.0000,0.97,25,50,10,1.0000,0.9967
14,sift128,128,5686,32,512,1.0000,0.97,50,50,10,1.0000,0.9967
14,sift128,128,5686,32,512,1.0000,0.97,100,20,10,0.9760,0.9783
14,sift128,128,5686,32,512,1.0000,0.97,150,50,10,0.9980,0.9967
15,sift128,128,5163,1,16,0.9967,0.90,25,200,200,0.9600,0.9517
15,sift128,128,5163,1,16,0.9967,0.90,50,200,100,0.9060,0.8867
15,sift128,128,5163,1,16,0.9967,0.90,100,200,100,0.9050,0.8867
15,sift128,128,5163,1,16,0.9967,0.90,150,200,200,0.9587,0.9517
15,sift128,128,5163,1,16,0.9967,0.95,25,200,200,0.9600,0.9517
15,sift128,128,5163,1,16,0.9967,0.95,50,200,200,0.9700,0.9517
15,sift128,128,5163,1,16,0.9967,0.95,100,200,200,0.9660,0.9517
15,sift128,128,5163,1,16,0.9967,0.95,150,200,200,0.9587,0.9517
15,sift128,128,5163,1,16,0.9967,0.97,25,500,500,0.9880,0.9967
15,sift128,128,5163,1,16,0.9967,0.97,50,500,300,0.9820,0.9850
15,sift128,128,5163,1,16,0.9967,0.97,100,500,300,0.9850,0.9850
15,sift128,128,5163,1,16,0.9967,0.97,150,500,300,0.9800,0.9850
15,sift128,128,5163,2,32,1.0000,0.90,25,50,30,0.9160,0.9317
15,sift128,128,5163,2,32,1.0000,0.90,50,50,30,0.9220,0.9317
15,sift128,128,5163,2,32,1.0000,0.90,100,50,30,0.9230,0.9317
15,sift128,128,5163,2,32,1.0000,0.90,150,50,50,0.9600,0.9600
15,sift128,128,5163,2,32,1.0000,0.95,25,100,100,0.9880,0.9933
15,sift128,128,5163,2,32,1.0000,0.95,50,50,50,0.9680,0.9600
15,sift128,128,5163,2,32,1.0000,0.95,100,50,50,0.9680,0.9600
15,sift128,128,5163,2,32,1.0000,0.95,150,50,50,0.9600,0.9600
15,sift128,128,5163,2,32,1.0000,0.97,25,100,100,0.9880,0.9933
15,sift128,128,5163,2,32,1.0000,0.97,50,100,100,0.9900,0.9933
15,sift128,128,5163,2,32,1.0000,0.97,100,100,100,0.9940,0.9933
15,sift128,128,5163,2,32,1.0000,0.97,150,100,100,0.9927,0.9933
15,sift128,128,5163,4,64,1.0000,0.90,25,20,20,0.9240,0.9533
15,sift128,128,5163,4,64,1.0000,0.90,50,20,20,0.9460,0.9533
15,sift128,128,5163,4,64,1.0000,0.90,100,20,20,0.9500,0.9533
15,sift128,128,5163,4,64,1.0000,0.90,150,20,20,0.9480,0.9533
15,sift128,128,5163,4,64,1.0000,0.95,25,50,20,0.9840,0.9950
15,sift128,128,5163,4,64,1.0000,0.95,50,50,20,0.9880,0.9950
15,sift128,128,5163,4,64,1.0000,0.95,100,50,20,0.9930,0.9950
15,sift128,128,5163,4,64,1.0000,0.95,150,50,20,0.9913,0.9950
15,sift128,128,5163,4,64,1.0000,0.97,25,50,20,0.9840,0.9950
15,sift128,128,5163,4,64,1.0000,0.97,50,50,20,0.9880,0.9950
15,sift128,128,5163,4,64,1.0000,0.97,100,50,20,0.9930,0.9950
15,sift128,128,5163,4,64,1.0000,0.97,150,50,20,0.9913,0.9950
15,sift128,128,5163,32,512,1.0000,0.90,25,20,10,0.9400,0.9633
15,sift128,128,5163,32,512,1.0000,0.90,50,20,10,0.9620,0.9633
15,sift128,128,5163,32,512,1.0000,0.90,100,20,10,0.9500,0.9633
15,sift128,128,5163,32,512,1.0000,0.90,150,20,10,0.9473,0.9633
15,sift128,128,5163,32,512,1.0000,0.95,25,50,10,0.9880,0.9900
15,sift128,128,5163,32,512,1.0000,0.95,50,20,10,0.9620,0.9633
15,sift128,128,5163,32,512,1.0000,0.95,100,50,10,0.9900,0.9900
15,sift128,128,5163,32,512,1.0000,0.95,150,50,10,0.9927,0.9900
15,sift128,128,5163,32,512,1.0000,0.97,25,50,10,0.9880,0.9900
15,sift128,128,5163,32,512,1.0000,0.97,50,50,10,0.9920,0.9900
15,sift128,128,5163,32,512,1.0000,0.97,100,50,10,0.9900,0.9900
15,sift128,128,5163,32,512,1.0000,0.97,150,50,10,0.9927,0.9900
16,sift128,128,5073,1,16,0.9900,0.90,25,500,300,0.9280,0.9617
16,sift128,128,5073,1,16,0.9900,0.90,50,200,200,0.9120,0.9083
16,sift128,128,5073,1,16,0.9900,0.90,100,200,200,0.9350,0.9083
16,sift128,128,5073,1,16,0.9900,0.90,150,200,200,0.9393,0.9083
16,sift128,128,5073,1,16,0.9900,0.95,25,500,500,0.9720,0.9900
16,sift128,128,5073,1,16,0.9900,0.95,50,500,500,0.9840,0.9900
16,sift128,128,5073,1,16,0.9900,0.95,100,500,300,0.9680,0.9617
16,sift128,128,5073,1,16,0.9900,0.95,150,500,300,0.9727,0.9617
16,sift128,128,5073,1,16,0.9900,0.97,25,-1,-1,0.0000,0.0000
16,sift128,128,5073,1,16,0.9900,0.97,50,500,500,0.9840,0.9900
16,sift128,128,5073,1,16,0.9900,0.97,100,500,500,0.9880,0.9900
16,sift128,128,5073,1,16,0.9900,0.97,150,500,500,0.9907,0.9900
16,sift128,128,5073,2,32,1.0000,0.90,25,50,50,0.9520,0.9733
16,sift128,128,5073,2,32,1.0000,0.90,50,50,30,0.9100,0.9183
16,sift128,128,5073,2,32,1.0000,0.90,100,50,30,0.9330,0.9183
16,sift128,128,5073,2,32,1.0000,0.90,150,50,30,0.9327,0.9183
16,sift128,128,5073,2,32,1.0000,0.95,25,100,50,0.9640,0.9767
16,sift128,128,5073,2,32,1.0000,0.95,50,50,50,0.9640,0.9733
16,sift128,128,5073,2,32,1.0000,0.95,100,50,50,0.9760,0.9733
16,sift128,128,5073,2,32,1.0000,0.95,150,50,50,0.9733,0.9733
16,sift128,128,5073,2,32,1.0000,0.97,25,100,100,1.0000,0.9967
16,sift128,128,5073,2,32,1.0000,0.97,50,100,100,0.9940,0.9967
16,sift128,128,5073,2,32,1.0000,0.97,100,50,50,0.9760,0.9733
16,sift128,128,5073,2,32,1.0000,0.97,150,100,50,0.9793,0.9767
16,sift128,128,5073,4,64,1.0000,0.90,25,20,20,0.9760,0.9717
16,sift128,128,5073,4,64,1.0000,0.90,50,20,20,0.9700,0.9717
16,sift128,128,5073,4,64,1.0000,0.90,100,20,20,0.9720,0.9717
16,sift128,128,5073,4,64,1.0000,0.90,150,20,20,0.9733,0.9717
16,sift128,128,5073,4,64,1.0000,0.95,25,20,20,0.9760,0.9717
16,sift128,128,5073,4,64,1.0000,0.95,50,20,20,0.9700,0.9717
16,sift128,128,5073,4,64,1.0000,0.95,100,20,20,0.9720,0.9717
16,sift128,128,5073,4,64,1.0000,0.95,150,20,20,0.9733,0.9717
16,sift128,128,5073,4,64,1.0000,0.97,25,20,20,0.9760,0.9717
16,sift128,128,5073,4,64,1.0000,0.97,50,50,20,1.0000,0.9983
16,sift128,128,5073,4,64,1.0000,0.97,100,50,20,1.0000,0.9983
16,sift128,128,5073,4,64,1.0000,0.97,150,50,20,0.9980,0.9983
16,sift128,128,5073,32,512,1.0000,0.90,25,20,10,0.9600,0.9600
16,sift128,128,5073,32,512,1.0000,0.90,50,20,10,0.9520,0.9600
16,sift128,128,5073,32,512,1.0000,0.90,100,20,10,0.9630,0.9600
16,sift128,128,5073,32,512,1.0000,0.90,150,20,10,0.9673,0.9600
16,sift128,128,5073,32,512,1.0000,0.95,25,20,10,0.9600,0.9600
16,sift128,128,5073,32,512,1.0000,0.95,50,50,10,0.9940,0.9967
16,sift128,128,5073,32,512,1.0000,0.95,100,20,10,0.9630,0.9600
16,sift128,128,5073,32,512,1.0000,0.95,150,20,10,0.9673,0.9600
16,sift128,128,5073,32,512,1.0000,0.97,25,50,10,0.9880,0.9967
16,sift128,128,5073,32,512,1.0000,0.97,50,50,10,0.9940,0.9967
16,sift128,128,5073,32,512,1.0000,0.97,100,50,10,0.9960,0.9967
16,sift128,128,5073,32,512,1.0000,0.97,150,50,10,0.9940,0.9967
17,sift128,128,5512,1,16,0.9933,0.90,25,200,200,0.9440,0.9450
17,sift128,128,5512,1,16,0.9933,0.90,50,200,200,0.9600,0.9450
17,sift128,128,5512,1,16,0.9933,0.90,100,200,200,0.9660,0.9450
17,sift128,128,5512,1,16,0.9933,0.90,150,200,100,0.9053,0.8550
17,sift128,128,5512,1,16,0.9933,0.95,25,500,300,0.9600,0.9733
17,sift128,128,5512,1,16,0.9933,0.95,50,200,200,0.9600,0.9450
17,sift128,128,5512,1,16,0.9933,0.95,100,200,200,0.9660,0.9450
17,sift128,128,5512,1,16,0.9933,0.95,150,200,200,0.9667,0.9450
17,sift128,128,5512,1,16,0.9933,0.97,25,500,500,0.9880,0.9933
17,sift128,128,5512,1,16,0.9933,0.97,50,500,300,0.9760,0.9733
17,sift128,128,5512,1,16,0.9933,0.97,100,500,300,0.9780,0.9733
17,sift128,128,5512,1,16,0.9933,0.97,150,500,300,0.9807,0.9733
17,sift128,128,5512,2,32,1.0000,0.90,25,50,30,0.9440,0.9283
17,sift128,128,5512,2,32,1.0000,0.90,50,50,30,0.9380,0.9283
17,sift128,128,5512,2,32,1.0000,0.90,100,50,30,0.9270,0.9283
17,sift128,128,5512,2,32,1.0000,0.90,150,50,30,0.9227,0.9283
17,sift128,128,5512,2,32,1.0000,0.95,25,50,50,0.9600,0.9767
17,sift128,128,5512,2,32,1.0000,0.95,50,50,50,0.9700,0.9767
17,sift128,128,5512,2,32,1.0000,0.95,100,50,50,0.9640,0.9767
17,sift128,128,5512,2,32,1.0000,0.95,150,50,50,0.9700,0.9767
17,sift128,128,5512,2,32,1.0000,0.97,25,100,100,0.9880,0.9983
17,sift128,128,5512,2,32,1.0000,0.97,50,100,50,0.9800,0.9767
17,sift128,128,5512,2,32,1.0000,0.97,100,100,50,0.9760,0.9767
17,sift128,128,5512,2,32,1.0000,0.97,150,100,50,0.9780,0.9767
17,sift128,128,5512,4,64,1.0000,0.90,25,20,20,0.9240,0.9733
17,sift128,128,5512,4,64,1.0000,0.90,50,20,20,0.9300,0.9733
17,sift128,128,5512,4,64,1.0000,0.90,100,20,20,0.9510,0.9733
17,sift128,128,5512,4,64,1.0000,0.90,150,20,20,0.9593,0.9733
17,sift128,128,5512,4,64,1.0000,0.95,25,50,20,0.9840,0.9967
17,sift128,128,5512,4,64,1.0000,0.95,50,50,20,0.9860,0.9967
17,sift128,128,5512,4,64,1.0000,0.95,100,50,20,0.9940,0.9967
17,sift128,128,5512,4,64,1.0000,0.95,150,20,20,0.9593,0.9733
17,sift128,128,5512,4,64,1.0000,0.97,25,50,20,0.9840,0.9967
17,sift128,128,5512,4,64,1.0000,0.97,50,50,20,0.9860,0.9967
17,sift128,128,5512,4,64,1.0000,0.97,100,50,20,0.9940,0.9967
17,sift128,128,5512,4,64,1.0000,0.97,150,50,20,0.9960,0.9967
17,sift128,128,5512,32,512,1.0000,0.90,25,20,10,0.9440,0.9717
17,sift128,128,5512,32,512,1.0000,0.90,50,20,10,0.9480,0.9717
17,sift128,128,5512,32,512,1.0000,0.90,100,20,10,0.9540,0.9717
17,sift128,128,5512,32,512,1.0000,0.90,150,20,10,0.9620,0.9717
17,sift128,128,5512,32,512,1.0000,0.95,25,50,10,1.0000,0.9983
17,sift128,128,5512,32,512,1.0000,0.95,50,50,10,0.9940,0.9983
17,sift128,128,5512,32,512,1.0000,0.95,100,20,20,0.9580,0.9717
17,sift128,128,5512,32,512,1.0000,0.95,150,20,10,0.9620,0.9717
17,sift128,128,5512,32,512,1.0000,0.97,25,50,10,1.0000,0.9983
17,sift128,128,5512,32,512,1.0000,0.97,50,50,10,0.9940,0.9983
17,sift128,128,5512,32,512,1.0000,0.97,100,50,10,0.9970,0.9983
17,sift128,128,5512,32,512,1.0000,0.97,150,50,10,0.9960,0.9983
18,medium384,384,7357,1,48,0.7783,0.90,25,-1,-1,0.0000,0.0000
18,medium384,384,7357,1,48,0.7783,0.90,50,-1,-1,0.0000,0.0000
18,medium384,384,7357,1,48,0.7783,0.90,100,-1,-1,0.0000,0.0000
18,medium384,384,7357,1,48,0.7783,0.90,150,-1,-1,0.0000,0.0000
18,medium384,384,7357,1,48,0.7783,0.95,25,-1,-1,0.0000,0.0000
18,medium384,384,7357,1,48,0.7783,0.95,50,-1,-1,0.0000,0.0000
18,medium384,384,7357,1,48,0.7783,0.95,100,-1,-1,0.0000,0.0000
18,medium384,384,7357,1,48,0.7783,0.95,150,-1,-1,0.0000,0.0000
18,medium384,384,7357,1,48,0.7783,0.97,25,-1,-1,0.0000,0.0000
18,medium384,384,7357,1,48,0.7783,0.97,50,-1,-1,0.0000,0.0000
18,medium384,384,7357,1,48,0.7783,0.97,100,-1,-1,0.0000,0.0000
18,medium384,384,7357,1,48,0.7783,0.97,150,-1,-1,0.0000,0.0000
18,medium384,384,7357,2,96,0.8867,0.90,25,-1,-1,0.0000,0.0000
18,medium384,384,7357,2,96,0.8867,0.90,50,-1,-1,0.0000,0.0000
18,medium384,384,7357,2,96,0.8867,0.90,100,-1,-1,0.0000,0.0000
18,medium384,384,7357,2,96,0.8867,0.90,150,-1,-1,0.0000,0.0000
18,medium384,384,7357,2,96,0.8867,0.95,25,-1,-1,0.0000,0.0000
18,medium384,384,7357,2,96,0.8867,0.95,50,-1,-1,0.0000,0.0000
18,medium384,384,7357,2,96,0.8867,0.95,100,-1,-1,0.0000,0.0000
18,medium384,384,7357,2,96,0.8867,0.95,150,-1,-1,0.0000,0.0000
18,medium384,384,7357,2,96,0.8867,0.97,25,-1,-1,0.0000,0.0000
18,medium384,384,7357,2,96,0.8867,0.97,50,-1,-1,0.0000,0.0000
18,medium384,384,7357,2,96,0.8867,0.97,100,-1,-1,0.0000,0.0000
18,medium384,384,7357,2,96,0.8867,0.97,150,-1,-1,0.0000,0.0000
18,medium384,384,7357,4,192,0.9867,0.90,25,200,500,0.9120,0.9500
18,medium384,384,7357,4,192,0.9867,0.90,50,200,30,0.9240,0.9433
18,medium384,384,7357,4,192,0.9867,0.90,100,200,30,0.9330,0.9433
18,medium384,384,7357,4,192,0.9867,0.90,150,200,30,0.9260,0.9433
18,medium384,384,7357,4,192,0.9867,0.95,25,500,30,0.9720,0.9800
18,medium384,384,7357,4,192,0.9867,0.95,50,500,30,0.9620,0.9800
18,medium384,384,7357,4,192,0.9867,0.95,100,500,30,0.9670,0.9800
18,medium384,384,7357,4,192,0.9867,0.95,150,500,30,0.9660,0.9800
18,medium384,384,7357,4,192,0.9867,0.97,25,500,50,0.9760,0.9867
18,medium384,384,7357,4,192,0.9867,0.97,50,-1,-1,0.0000,0.0000
18,medium384,384,7357,4,192,0.9867,0.97,100,500,50,0.9770,0.9867
18,medium384,384,7357,4,192,0.9867,0.97,150,500,50,0.9780,0.9867
18,medium384,384,7357,32,1536,0.9867,0.90,25,200,10,0.9120,0.9667
18,medium384,384,7357,32,1536,0.9867,0.90,50,200,10,0.9300,0.9667
18,medium384,384,7357,32,1536,0.9867,0.90,100,200,10,0.9330,0.9667
18,medium384,384,7357,32,1536,0.9867,0.90,150,200,10,0.9313,0.9667
18,medium384,384,7357,32,1536,0.9867,0.95,25,500,10,0.9800,0.9867
18,medium384,384,7357,32,1536,0.9867,0.95,50,500,10,0.9700,0.9867
18,medium384,384,7357,32,1536,0.9867,0.95,100,500,10,0.9760,0.9867
18,medium384,384,7357,32,1536,0.9867,0.95,150,500,10,0.9800,0.9867
18,medium384,384,7357,32,1536,0.9867,0.97,25,500,10,0.9800,0.9867
18,medium384,384,7357,32,1536,0.9867,0.97,50,-1,-1,0.0000,0.0000
18,medium384,384,7357,32,1536,0.9867,0.97,100,500,10,0.9760,0.9867
18,medium384,384,7357,32,1536,0.9867,0.97,150,500,10,0.9800,0.9867
19,medium384,384,5078,1,48,0.8717,0.90,25,-1,-1,0.0000,0.0000
19,medium384,384,5078,1,48,0.8717,0.90,50,-1,-1,0.0000,0.0000
19,medium384,384,5078,1,48,0.8717,0.90,100,-1,-1,0.0000,0.0000
19,medium384,384,5078,1,48,0.8717,0.90,150,-1,-1,0.0000,0.0000
19,medium384,384,5078,1,48,0.8717,0.95,25,-1,-1,0.0000,0.0000
19,medium384,384,5078,1,48,0.8717,0.95,50,-1,-1,0.0000,0.0000
19,medium384,384,5078,1,48,0.8717,0.95,100,-1,-1,0.0000,0.0000
19,medium384,384,5078,1,48,0.8717,0.95,150,-1,-1,0.0000,0.0000
19,medium384,384,5078,1,48,0.8717,0.97,25,-1,-1,0.0000,0.0000
19,medium384,384,5078,1,48,0.8717,0.97,50,-1,-1,0.0000,0.0000
19,medium384,384,5078,1,48,0.8717,0.97,100,-1,-1,0.0000,0.0000
19,medium384,384,5078,1,48,0.8717,0.97,150,-1,-1,0.0000,0.0000
19,medium384,384,5078,2,96,0.9467,0.90,25,500,500,0.9160,0.9467
19,medium384,384,5078,2,96,0.9467,0.90,50,500,500,0.9180,0.9467
19,medium384,384,5078,2,96,0.9467,0.90,100,500,500,0.9210,0.9467
19,medium384,384,5078,2,96,0.9467,0.90,150,500,500,0.9273,0.9467
19,medium384,384,5078,2,96,0.9467,0.95,25,-1,-1,0.0000,0.0000
19,medium384,384,5078,2,96,0.9467,0.95,50,-1,-1,0.0000,0.0000
19,medium384,384,5078,2,96,0.9467,0.95,100,-1,-1,0.0000,0.0000
19,medium384,384,5078,2,96,0.9467,0.95,150,-1,-1,0.0000,0.0000
19,medium384,384,5078,2,96,0.9467,0.97,25,-1,-1,0.0000,0.0000
19,medium384,384,5078,2,96,0.9467,0.97,50,-1,-1,0.0000,0.0000
19,medium384,384,5078,2,96,0.9467,0.97,100,-1,-1,0.0000,0.0000
19,medium384,384,5078,2,96,0.9467,0.97,150,-1,-1,0.0000,0.0000
19,medium384,384,5078,4,192,0.9917,0.90,25,200,20,0.9320,0.9417
19,medium384,384,5078,4,192,0.9917,0.90,50,100,30,0.9060,0.9117
19,medium384,384,5078,4,192,0.9917,0.90,100,100,30,0.9060,0.9117
19,medium384,384,5078,4,192,0.9917,0.90,150,200,20,0.9347,0.9417
19,medium384,384,5078,4,192,0.9917,0.95,25,200,50,0.9560,0.9750
19,medium384,384,5078,4,192,0.9917,0.95,50,200,30,0.9560,0.9750
19,medium384,384,5078,4,192,0.9917,0.95,100,200,30,0.9620,0.9750
19,medium384,384,5078,4,192,0.9917,0.95,150,200,30,0.9580,0.9750
19,medium384,384,5078,4,192,0.9917,0.97,25,500,30,0.9880,0.9900
19,medium384,384,5078,4,192,0.9917,0.97,50,500,30,0.9880,0.9900
19,medium384,384,5078,4,192,0.9917,0.97,100,500,30,0.9880,0.9900
19,medium384,384,5078,4,192,0.9917,0.97,150,500,30,0.9860,0.9900
19,medium384,384,5078,32,1536,0.9967,0.90,25,100,20,0.9080,0.9117
19,medium384,384,5078,32,1536,0.9967,0.90,50,100,10,0.9240,0.9117
19,medium384,384,5078,32,1536,0.9967,0.90,100,100,10,0.9200,0.9117
19,medium384,384,5078,32,1536,0.9967,0.90,150,100,10,0.9140,0.9117
19,medium384,384,5078,32,1536,0.9967,0.95,25,200,10,0.9640,0.9783
19,medium384,384,5078,32,1536,0.9967,0.95,50,200,10,0.9660,0.9783
19,medium384,384,5078,32,1536,0.9967,0.95,100,200,10,0.9660,0.9783
19,medium384,384,5078,32,1536,0.9967,0.95,150,200,10,0.9673,0.9783
19,medium384,384,5078,32,1536,0.9967,0.97,25,500,10,0.9880,0.9967
19,medium384,384,5078,32,1536,0.9967,0.97,50,500,10,0.9900,0.9967
19,medium384,384,5078,32,1536,0.9967,0.97,100,500,10,0.9950,0.9967
19,medium384,384,5078,32,1536,0.9967,0.97,150,500,10,0.9940,0.9967
20,medium384,384,7683,1,48,0.7667,0.90,25,-1,-1,0.0000,0.0000
20,medium384,384,7683,1,48,0.7667,0.90,50,-1,-1,0.0000,0.0000
20,medium384,384,7683,1,48,0.7667,0.90,100,-1,-1,0.0000,0.0000
20,medium384,384,7683,1,48,0.7667,0.90,150,-1,-1,0.0000,0.0000
20,medium384,384,7683,1,48,0.7667,0.95,25,-1,-1,0.0000,0.0000
20,medium384,384,7683,1,48,0.7667,0.95,50,-1,-1,0.0000,0.0000
20,medium384,384,7683,1,48,0.7667,0.95,100,-1,-1,0.0000,0.0000
20,medium384,384,7683,1,48,0.7667,0.95,150,-1,-1,0.0000,0.0000
20,medium384,384,7683,1,48,0.7667,0.97,25,-1,-1,0.0000,0.0000
20,medium384,384,7683,1,48,0.7667,0.97,50,-1,-1,0.0000,0.0000
20,medium384,384,7683,1,48,0.7667,0.97,100,-1,-1,0.0000,0.0000
20,medium384,384,7683,1,48,0.7667,0.97,150,-1,-1,0.0000,0.0000
20,medium384,384,7683,2,96,0.8667,0.90,25,-1,-1,0.0000,0.0000
20,medium384,384,7683,2,96,0.8667,0.90,50,-1,-1,0.0000,0.0000
20,medium384,384,7683,2,96,0.8667,0.90,100,-1,-1,0.0000,0.0000
20,medium384,384,7683,2,96,0.8667,0.90,150,-1,-1,0.0000,0.0000
20,medium384,384,7683,2,96,0.8667,0.95,25,-1,-1,0.0000,0.0000
20,medium384,384,7683,2,96,0.8667,0.95,50,-1,-1,0.0000,0.0000
20,medium384,384,7683,2,96,0.8667,0.95,100,-1,-1,0.0000,0.0000
20,medium384,384,7683,2,96,0.8667,0.95,150,-1,-1,0.0000,0.0000
20,medium384,384,7683,2,96,0.8667,0.97,25,-1,-1,0.0000,0.0000
20,medium384,384,7683,2,96,0.8667,0.97,50,-1,-1,0.0000,0.0000
20,medium384,384,7683,2,96,0.8667,0.97,100,-1,-1,0.0000,0.0000
20,medium384,384,7683,2,96,0.8667,0.97,150,-1,-1,0.0000,0.0000
20,medium384,384,7683,4,192,0.9767,0.90,25,500,30,0.9200,0.9683
20,medium384,384,7683,4,192,0.9767,0.90,50,500,30,0.9380,0.9683
20,medium384,384,7683,4,192,0.9767,0.90,100,200,50,0.9110,0.9433
20,medium384,384,7683,4,192,0.9767,0.90,150,200,30,0.9140,0.9367
20,medium384,384,7683,4,192,0.9767,0.95,25,-1,-1,0.0000,0.0000
20,medium384,384,7683,4,192,0.9767,0.95,50,500,100,0.9560,0.9767
20,medium384,384,7683,4,192,0.9767,0.95,100,500,30,0.9550,0.9683
20,medium384,384,7683,4,192,0.9767,0.95,150,500,30,0.9600,0.9683
20,medium384,384,7683,4,192,0.9767,0.97,25,-1,-1,0.0000,0.0000
20,medium384,384,7683,4,192,0.9767,0.97,50,-1,-1,0.0000,0.0000
20,medium384,384,7683,4,192,0.9767,0.97,100,-1,-1,0.0000,0.0000
20,medium384,384,7683,4,192,0.9767,0.97,150,-1,-1,0.0000,0.0000
20,medium384,384,7683,32,1536,0.9850,0.90,25,500,10,0.9720,0.9850
20,medium384,384,7683,32,1536,0.9850,0.90,50,200,100,0.9060,0.9533
20,medium384,384,7683,32,1536,0.9850,0.90,100,200,10,0.9180,0.9533
20,medium384,384,7683,32,1536,0.9850,0.90,150,200,10,0.9233,0.9533
20,medium384,384,7683,32,1536,0.9850,0.95,25,500,10,0.9720,0.9850
20,medium384,384,7683,32,1536,0.9850,0.95,50,500,10,0.9800,0.9850
20,medium384,384,7683,32,1536,0.9850,0.95,100,500,10,0.9790,0.9850
20,medium384,384,7683,32,1536,0.9850,0.95,150,500,10,0.9787,0.9850
20,medium384,384,7683,32,1536,0.9850,0.97,25,-1,-1,0.0000,0.0000
20,medium384,384,7683,32,1536,0.9850,0.97,50,500,10,0.9800,0.9850
20,medium384,384,7683,32,1536,0.9850,0.97,100,500,10,0.9790,0.9850
20,medium384,384,7683,32,1536,0.9850,0.97,150,500,10,0.9787,0.9850
21,medium384,384,5829,1,48,0.8367,0.90,25,-1,-1,0.0000,0.0000
21,medium384,384,5829,1,48,0.8367,0.90,50,-1,-1,0.0000,0.0000
21,medium384,384,5829,1,48,0.8367,0.90,100,-1,-1,0.0000,0.0000
21,medium384,384,5829,1,48,0.8367,0.90,150,-1,-1,0.0000,0.0000
21,medium384,384,5829,1,48,0.8367,0.95,25,-1,-1,0.0000,0.0000
21,medium384,384,5829,1,48,0.8367,0.95,50,-1,-1,0.0000,0.0000
21,medium384,384,5829,1,48,0.8367,0.95,100,-1,-1,0.0000,0.0000
21,medium384,384,5829,1,48,0.8367,0.95,150,-1,-1,0.0000,0.0000
21,medium384,384,5829,1,48,0.8367,0.97,25,-1,-1,0.0000,0.0000
21,medium384,384,5829,1,48,0.8367,0.97,50,-1,-1,0.0000,0.0000
21,medium384,384,5829,1,48,0.8367,0.97,100,-1,-1,0.0000,0.0000
21,medium384,384,5829,1,48,0.8367,0.97,150,-1,-1,0.0000,0.0000
21,medium384,384,5829,2,96,0.9100,0.90,25,-1,-1,0.0000,0.0000
21,medium384,384,5829,2,96,0.9100,0.90,50,-1,-1,0.0000,0.0000
21,medium384,384,5829,2,96,0.9100,0.90,100,-1,-1,0.0000,0.0000
21,medium384,384,5829,2,96,0.9100,0.90,150,-1,-1,0.0000,0.0000
21,medium384,384,5829,2,96,0.9100,0.95,25,-1,-1,0.0000,0.0000
21,medium384,384,5829,2,96,0.9100,0.95,50,-1,-1,0.0000,0.0000
21,medium384,384,5829,2,96,0.9100,0.95,100,-1,-1,0.0000,0.0000
21,medium384,384,5829,2,96,0.9100,0.95,150,-1,-1,0.0000,0.0000
21,medium384,384,5829,2,96,0.9100,0.97,25,-1,-1,0.0000,0.0000
21,medium384,384,5829,2,96,0.9100,0.97,50,-1,-1,0.0000,0.0000
21,medium384,384,5829,2,96,0.9100,0.97,100,-1,-1,0.0000,0.0000
21,medium384,384,5829,2,96,0.9100,0.97,150,-1,-1,0.0000,0.0000
21,medium384,384,5829,4,192,0.9933,0.90,25,200,30,0.9120,0.9450
21,medium384,384,5829,4,192,0.9933,0.90,50,200,20,0.9140,0.9250
21,medium384,384,5829,4,192,0.9933,0.90,100,200,20,0.9210,0.9250
21,medium384,384,5829,4,192,0.9933,0.90,150,200,20,0.9200,0.9250
21,medium384,384,5829,4,192,0.9933,0.95,25,500,50,0.9640,0.9917
21,medium384,384,5829,4,192,0.9933,0.95,50,200,100,0.9560,0.9617
21,medium384,384,5829,4,192,0.9933,0.95,100,200,100,0.9550,0.9617
21,medium384,384,5829,4,192,0.9933,0.95,150,500,30,0.9740,0.9750
21,medium384,384,5829,4,192,0.9933,0.97,25,-1,-1,0.0000,0.0000
21,medium384,384,5829,4,192,0.9933,0.97,50,500,50,0.9820,0.9917
21,medium384,384,5829,4,192,0.9933,0.97,100,500,50,0.9820,0.9917
21,medium384,384,5829,4,192,0.9933,0.97,150,500,50,0.9807,0.9917
21,medium384,384,5829,32,1536,0.9883,0.90,25,200,10,0.9600,0.9483
21,medium384,384,5829,32,1536,0.9883,0.90,50,200,10,0.9660,0.9483
21,medium384,384,5829,32,1536,0.9883,0.90,100,200,10,0.9630,0.9483
21,medium384,384,5829,32,1536,0.9883,0.90,150,200,10,0.9600,0.9483
21,medium384,384,5829,32,1536,0.9883,0.95,25,200,10,0.9600,0.9483
21,medium384,384,5829,32,1536,0.9883,0.95,50,200,10,0.9660,0.9483
21,medium384,384,5829,32,1536,0.9883,0.95,100,200,10,0.9630,0.9483
21,medium384,384,5829,32,1536,0.9883,0.95,150,200,10,0.9600,0.9483
21,medium384,384,5829,32,1536,0.9883,0.97,25,500,10,1.0000,0.9883
21,medium384,384,5829,32,1536,0.9883,0.97,50,500,10,0.9900,0.9883
21,medium384,384,5829,32,1536,0.9883,0.97,100,500,10,0.9890,0.9883
21,medium384,384,5829,32,1536,0.9883,0.97,150,500,10,0.9860,0.9883
22,medium384,384,6813,1,48,0.7983,0.90,25,-1,-1,0.0000,0.0000
22,medium384,384,6813,1,48,0.7983,0.90,50,-1,-1,0.0000,0.0000
22,medium384,384,6813,1,48,0.7983,0.90,100,-1,-1,0.0000,0.0000
22,medium384,384,6813,1,48,0.7983,0.90,150,-1,-1,0.0000,0.0000
22,medium384,384,6813,1,48,0.7983,0.95,25,-1,-1,0.0000,0.0000
22,medium384,384,6813,1,48,0.7983,0.95,50,-1,-1,0.0000,0.0000
22,medium384,384,6813,1,48,0.7983,0.95,100,-1,-1,0.0000,0.0000
22,medium384,384,6813,1,48,0.7983,0.95,150,-1,-1,0.0000,0.0000
22,medium384,384,6813,1,48,0.7983,0.97,25,-1,-1,0.0000,0.0000
22,medium384,384,6813,1,48,0.7983,0.97,50,-1,-1,0.0000,0.0000
22,medium384,384,6813,1,48,0.7983,0.97,100,-1,-1,0.0000,0.0000
22,medium384,384,6813,1,48,0.7983,0.97,150,-1,-1,0.0000,0.0000
22,medium384,384,6813,2,96,0.9033,0.90,25,-1,-1,0.0000,0.0000
22,medium384,384,6813,2,96,0.9033,0.90,50,-1,-1,0.0000,0.0000
22,medium384,384,6813,2,96,0.9033,0.90,100,-1,-1,0.0000,0.0000
22,medium384,384,6813,2,96,0.9033,0.90,150,-1,-1,0.0000,0.0000
22,medium384,384,6813,2,96,0.9033,0.95,25,-1,-1,0.0000,0.0000
22,medium384,384,6813,2,96,0.9033,0.95,50,-1,-1,0.0000,0.0000
22,medium384,384,6813,2,96,0.9033,0.95,100,-1,-1,0.0000,0.0000
22,medium384,384,6813,2,96,0.9033,0.95,150,-1,-1,0.0000,0.0000
22,medium384,384,6813,2,96,0.9033,0.97,25,-1,-1,0.0000,0.0000
22,medium384,384,6813,2,96,0.9033,0.97,50,-1,-1,0.0000,0.0000
22,medium384,384,6813,2,96,0.9033,0.97,100,-1,-1,0.0000,0.0000
22,medium384,384,6813,2,96,0.9033,0.97,150,-1,-1,0.0000,0.0000
22,medium384,384,6813,4,192,0.9817,0.90,25,200,30,0.9240,0.9383
22,medium384,384,6813,4,192,0.9817,0.90,50,200,30,0.9220,0.9383
22,medium384,384,6813,4,192,0.9817,0.90,100,200,30,0.9240,0.9383
22,medium384,384,6813,4,192,0.9817,0.90,150,200,30,0.9260,0.9383
22,medium384,384,6813,4,192,0.9817,0.95,25,500,30,0.9600,0.9700
22,medium384,384,6813,4,192,0.9817,0.95,50,500,50,0.9740,0.9817
22,medium384,384,6813,4,192,0.9817,0.95,100,500,50,0.9700,0.9817
22,medium384,384,6813,4,192,0.9817,0.95,150,500,30,0.9607,0.9700
22,medium384,384,6813,4,192,0.9817,0.97,25,500,50,0.9760,0.9817
22,medium384,384,6813,4,192,0.9817,0.97,50,-1,-1,0.0000,0.0000
22,medium384,384,6813,4,192,0.9817,0.97,100,-1,-1,0.0000,0.0000
22,medium384,384,6813,4,192,0.9817,0.97,150,500,50,0.9753,0.9817
22,medium384,384,6813,32,1536,0.9867,0.90,25,200,10,0.9400,0.9617
22,medium384,384,6813,32,1536,0.9867,0.90,50,200,10,0.9260,0.9617
22,medium384,384,6813,32,1536,0.9867,0.90,100,200,10,0.9340,0.9617
22,medium384,384,6813,32,1536,0.9867,0.90,150,200,10,0.9440,0.9617
22,medium384,384,6813,32,1536,0.9867,0.95,25,500,10,0.9760,0.9867
22,medium384,384,6813,32,1536,0.9867,0.95,50,500,10,0.9800,0.9867
22,medium384,384,6813,32,1536,0.9867,0.95,100,500,10,0.9830,0.9867
22,medium384,384,6813,32,1536,0.9867,0.95,150,500,10,0.9833,0.9867
22,medium384,384,6813,32,1536,0.9867,0.97,25,500,10,0.9760,0.9867
22,medium384,384,6813,32,1536,0.9867,0.97,50,500,10,0.9800,0.9867
22,medium384,384,6813,32,1536,0.9867,0.97,100,500,10,0.9830,0.9867
22,medium384,384,6813,32,1536,0.9867,0.97,150,500,10,0.9833,0.9867
23,medium384,384,10002,1,48,0.7383,0.90,25,-1,-1,0.0000,0.0000
23,medium384,384,10002,1,48,0.7383,0.90,50,-1,-1,0.0000,0.0000
23,medium384,384,10002,1,48,0.7383,0.90,100,-1,-1,0.0000,0.0000
23,medium384,384,10002,1,48,0.7383,0.90,150,-1,-1,0.0000,0.0000
23,medium384,384,10002,1,48,0.7383,0.95,25,-1,-1,0.0000,0.0000
23,medium384,384,10002,1,48,0.7383,0.95,50,-1,-1,0.0000,0.0000
23,medium384,384,10002,1,48,0.7383,0.95,100,-1,-1,0.0000,0.0000
23,medium384,384,10002,1,48,0.7383,0.95,150,-1,-1,0.0000,0.0000
23,medium384,384,10002,1,48,0.7383,0.97,25,-1,-1,0.0000,0.0000
23,medium384,384,10002,1,48,0.7383,0.97,50,-1,-1,0.0000,0.0000
23,medium384,384,10002,1,48,0.7383,0.97,100,-1,-1,0.0000,0.0000
23,medium384,384,10002,1,48,0.7383,0.97,150,-1,-1,0.0000,0.0000
23,medium384,384,10002,2,96,0.8433,0.90,25,-1,-1,0.0000,0.0000
23,medium384,384,10002,2,96,0.8433,0.90,50,-1,-1,0.0000,0.0000
23,medium384,384,10002,2,96,0.8433,0.90,100,-1,-1,0.0000,0.0000
23,medium384,384,10002,2,96,0.8433,0.90,150,-1,-1,0.0000,0.0000
23,medium384,384,10002,2,96,0.8433,0.95,25,-1,-1,0.0000,0.0000
23,medium384,384,10002,2,96,0.8433,0.95,50,-1,-1,0.0000,0.0000
23,medium384,384,10002,2,96,0.8433,0.95,100,-1,-1,0.0000,0.0000
23,medium384,384,10002,2,96,0.8433,0.95,150,-1,-1,0.0000,0.0000
23,medium384,384,10002,2,96,0.8433,0.97,25,-1,-1,0.0000,0.0000
23,medium384,384,10002,2,96,0.8433,0.97,50,-1,-1,0.0000,0.0000
23,medium384,384,10002,2,96,0.8433,0.97,100,-1,-1,0.0000,0.0000
23,medium384,384,10002,2,96,0.8433,0.97,150,-1,-1,0.0000,0.0000
23,medium384,384,10002,4,192,0.9750,0.90,25,200,30,0.9160,0.9083
23,medium384,384,10002,4,192,0.9750,0.90,50,200,30,0.9120,0.9083
23,medium384,384,10002,4,192,0.9750,0.90,100,200,50,0.9090,0.9150
23,medium384,384,10002,4,192,0.9750,0.90,150,200,30,0.9093,0.9083
23,medium384,384,10002,4,192,0.9750,0.95,25,-1,-1,0.0000,0.0000
23,medium384,384,10002,4,192,0.9750,0.95,50,500,50,0.9580,0.9717
23,medium384,384,10002,4,192,0.9750,0.95,100,500,30,0.9580,0.9650
23,medium384,384,10002,4,192,0.9750,0.95,150,500,50,0.9653,0.9717
23,medium384,384,10002,4,192,0.9750,0.97,25,-1,-1,0.0000,0.0000
23,medium384,384,10002,4,192,0.9750,0.97,50,-1,-1,0.0000,0.0000
23,medium384,384,10002,4,192,0.9750,0.97,100,-1,-1,0.0000,0.0000
23,medium384,384,10002,4,192,0.9750,0.97,150,-1,-1,0.0000,0.0000
23,medium384,384,10002,32,1536,0.9800,0.90,25,200,10,0.9160,0.9117
23,medium384,384,10002,32,1536,0.9800,0.90,50,200,10,0.9120,0.9117
23,medium384,384,10002,32,1536,0.9800,0.90,100,200,10,0.9210,0.9117
23,medium384,384,10002,32,1536,0.9800,0.90,150,200,10,0.9233,0.9117
23,medium384,384,10002,32,1536,0.9800,0.95,25,500,10,0.9720,0.9800
23,medium384,384,10002,32,1536,0.9800,0.95,50,500,10,0.9640,0.9800
23,medium384,384,10002,32,1536,0.9800,0.95,100,500,10,0.9740,0.9800
23,medium384,384,10002,32,1536,0.9800,0.95,150,500,10,0.9693,0.9800
23,medium384,384,10002,32,1536,0.9800,0.97,25,-1,-1,0.0000,0.0000
23,medium384,384,10002,32,1536,0.9800,0.97,50,-1,-1,0.0000,0.0000
23,medium384,384,10002,32,1536,0.9800,0.97,100,-1,-1,0.0000,0.0000
23,medium384,384,10002,32,1536,0.9800,0.97,150,-1,-1,0.0000,0.0000
24,medium384,384,7363,1,48,0.8150,0.90,25,-1,-1,0.0000,0.0000
24,medium384,384,7363,1,48,0.8150,0.90,50,-1,-1,0.0000,0.0000
24,medium384,384,7363,1,48,0.8150,0.90,100,-1,-1,0.0000,0.0000
24,medium384,384,7363,1,48,0.8150,0.90,150,-1,-1,0.0000,0.0000
24,medium384,384,7363,1,48,0.8150,0.95,25,-1,-1,0.0000,0.0000
24,medium384,384,7363,1,48,0.8150,0.95,50,-1,-1,0.0000,0.0000
24,medium384,384,7363,1,48,0.8150,0.95,100,-1,-1,0.0000,0.0000
24,medium384,384,7363,1,48,0.8150,0.95,150,-1,-1,0.0000,0.0000
24,medium384,384,7363,1,48,0.8150,0.97,25,-1,-1,0.0000,0.0000
24,medium384,384,7363,1,48,0.8150,0.97,50,-1,-1,0.0000,0.0000
24,medium384,384,7363,1,48,0.8150,0.97,100,-1,-1,0.0000,0.0000
24,medium384,384,7363,1,48,0.8150,0.97,150,-1,-1,0.0000,0.0000
24,medium384,384,7363,2,96,0.8833,0.90,25,-1,-1,0.0000,0.0000
24,medium384,384,7363,2,96,0.8833,0.90,50,-1,-1,0.0000,0.0000
24,medium384,384,7363,2,96,0.8833,0.90,100,-1,-1,0.0000,0.0000
24,medium384,384,7363,2,96,0.8833,0.90,150,-1,-1,0.0000,0.0000
24,medium384,384,7363,2,96,0.8833,0.95,25,-1,-1,0.0000,0.0000
24,medium384,384,7363,2,96,0.8833,0.95,50,-1,-1,0.0000,0.0000
24,medium384,384,7363,2,96,0.8833,0.95,100,-1,-1,0.0000,0.0000
24,medium384,384,7363,2,96,0.8833,0.95,150,-1,-1,0.0000,0.0000
24,medium384,384,7363,2,96,0.8833,0.97,25,-1,-1,0.0000,0.0000
24,medium384,384,7363,2,96,0.8833,0.97,50,-1,-1,0.0000,0.0000
24,medium384,384,7363,2,96,0.8833,0.97,100,-1,-1,0.0000,0.0000
24,medium384,384,7363,2,96,0.8833,0.97,150,-1,-1,0.0000,0.0000
24,medium384,384,7363,4,192,0.9867,0.90,25,500,20,0.9240,0.9350
24,medium384,384,7363,4,192,0.9867,0.90,50,200,100,0.9060,0.9583
24,medium384,384,7363,4,192,0.9867,0.90,100,200,30,0.9170,0.9533
24,medium384,384,7363,4,192,0.9867,0.90,150,200,30,0.9300,0.9533
24,medium384,384,7363,4,192,0.9867,0.95,25,500,50,0.9640,0.9867
24,medium384,384,7363,4,192,0.9867,0.95,50,500,30,0.9560,0.9800
24,medium384,384,7363,4,192,0.9867,0.95,100,500,30,0.9680,0.9800
24,medium384,384,7363,4,192,0.9867,0.95,150,500,30,0.9720,0.9800
24,medium384,384,7363,4,192,0.9867,0.97,25,-1,-1,0.0000,0.0000
24,medium384,384,7363,4,192,0.9867,0.97,50,-1,-1,0.0000,0.0000
24,medium384,384,7363,4,192,0.9867,0.97,100,500,50,0.9750,0.9867
24,medium384,384,7363,4,192,0.9867,0.97,150,500,50,0.9793,0.9867
24,medium384,384,7363,32,1536,0.9950,0.90,25,200,10,0.9120,0.9600
24,medium384,384,7363,32,1536,0.9950,0.90,50,200,10,0.9280,0.9600
24,medium384,384,7363,32,1536,0.9950,0.90,100,200,10,0.9350,0.9600
24,medium384,384,7363,32,1536,0.9950,0.90,150,200,10,0.9407,0.9600
24,medium384,384,7363,32,1536,0.9950,0.95,25,-1,-1,0.0000,0.0000
24,medium384,384,7363,32,1536,0.9950,0.95,50,500,10,0.9580,0.9950
24,medium384,384,7363,32,1536,0.9950,0.95,100,500,10,0.9710,0.9950
24,medium384,384,7363,32,1536,0.9950,0.95,150,500,10,0.9747,0.9950
24,medium384,384,7363,32,1536,0.9950,0.97,25,-1,-1,0.0000,0.0000
24,medium384,384,7363,32,1536,0.9950,0.97,50,-1,-1,0.0000,0.0000
24,medium384,384,7363,32,1536,0.9950,0.97,100,-1,-1,0.0000,0.0000
24,medium384,384,7363,32,1536,0.9950,0.97,150,500,100,0.9753,0.9950
25,manifold768,768,9612,1,96,0.3633,0.90,25,-1,-1,0.0000,0.0000
25,manifold768,768,9612,1,96,0.3633,0.90,50,-1,-1,0.0000,0.0000
25,manifold768,768,9612,1,96,0.3633,0.90,100,-1,-1,0.0000,0.0000
25,manifold768,768,9612,1,96,0.3633,0.90,150,-1,-1,0.0000,0.0000
25,manifold768,768,9612,1,96,0.3633,0.95,25,-1,-1,0.0000,0.0000
25,manifold768,768,9612,1,96,0.3633,0.95,50,-1,-1,0.0000,0.0000
25,manifold768,768,9612,1,96,0.3633,0.95,100,-1,-1,0.0000,0.0000
25,manifold768,768,9612,1,96,0.3633,0.95,150,-1,-1,0.0000,0.0000
25,manifold768,768,9612,1,96,0.3633,0.97,25,-1,-1,0.0000,0.0000
25,manifold768,768,9612,1,96,0.3633,0.97,50,-1,-1,0.0000,0.0000
25,manifold768,768,9612,1,96,0.3633,0.97,100,-1,-1,0.0000,0.0000
25,manifold768,768,9612,1,96,0.3633,0.97,150,-1,-1,0.0000,0.0000
25,manifold768,768,9612,2,192,0.7350,0.90,25,-1,-1,0.0000,0.0000
25,manifold768,768,9612,2,192,0.7350,0.90,50,-1,-1,0.0000,0.0000
25,manifold768,768,9612,2,192,0.7350,0.90,100,-1,-1,0.0000,0.0000
25,manifold768,768,9612,2,192,0.7350,0.90,150,-1,-1,0.0000,0.0000
25,manifold768,768,9612,2,192,0.7350,0.95,25,-1,-1,0.0000,0.0000
25,manifold768,768,9612,2,192,0.7350,0.95,50,-1,-1,0.0000,0.0000
25,manifold768,768,9612,2,192,0.7350,0.95,100,-1,-1,0.0000,0.0000
25,manifold768,768,9612,2,192,0.7350,0.95,150,-1,-1,0.0000,0.0000
25,manifold768,768,9612,2,192,0.7350,0.97,25,-1,-1,0.0000,0.0000
25,manifold768,768,9612,2,192,0.7350,0.97,50,-1,-1,0.0000,0.0000
25,manifold768,768,9612,2,192,0.7350,0.97,100,-1,-1,0.0000,0.0000
25,manifold768,768,9612,2,192,0.7350,0.97,150,-1,-1,0.0000,0.0000
25,manifold768,768,9612,4,384,1.0000,0.90,25,50,20,0.9840,0.9767
25,manifold768,768,9612,4,384,1.0000,0.90,50,50,20,0.9840,0.9767
25,manifold768,768,9612,4,384,1.0000,0.90,100,50,20,0.9830,0.9767
25,manifold768,768,9612,4,384,1.0000,0.90,150,20,200,0.9053,0.9050
25,manifold768,768,9612,4,384,1.0000,0.95,25,50,20,0.9840,0.9767
25,manifold768,768,9612,4,384,1.0000,0.95,50,50,20,0.9840,0.9767
25,manifold768,768,9612,4,384,1.0000,0.95,100,50,20,0.9830,0.9767
25,manifold768,768,9612,4,384,1.0000,0.95,150,50,20,0.9813,0.9767
25,manifold768,768,9612,4,384,1.0000,0.97,25,50,20,0.9840,0.9767
25,manifold768,768,9612,4,384,1.0000,0.97,50,50,20,0.9840,0.9767
25,manifold768,768,9612,4,384,1.0000,0.97,100,50,20,0.9830,0.9767
25,manifold768,768,9612,4,384,1.0000,0.97,150,50,20,0.9813,0.9767
25,manifold768,768,9612,32,3072,1.0000,0.90,25,50,10,0.9880,0.9950
25,manifold768,768,9612,32,3072,1.0000,0.90,50,50,10,0.9880,0.9950
25,manifold768,768,9612,32,3072,1.0000,0.90,100,50,10,0.9910,0.9950
25,manifold768,768,9612,32,3072,1.0000,0.90,150,50,10,0.9920,0.9950
25,manifold768,768,9612,32,3072,1.0000,0.95,25,50,10,0.9880,0.9950
25,manifold768,768,9612,32,3072,1.0000,0.95,50,50,10,0.9880,0.9950
25,manifold768,768,9612,32,3072,1.0000,0.95,100,50,10,0.9910,0.9950
25,manifold768,768,9612,32,3072,1.0000,0.95,150,50,10,0.9920,0.9950
25,manifold768,768,9612,32,3072,1.0000,0.97,25,50,10,0.9880,0.9950
25,manifold768,768,9612,32,3072,1.0000,0.97,50,50,10,0.9880,0.9950
25,manifold768,768,9612,32,3072,1.0000,0.97,100,50,10,0.9910,0.9950
25,manifold768,768,9612,32,3072,1.0000,0.97,150,50,10,0.9920,0.9950
26,manifold768,768,5216,1,96,0.4283,0.90,25,-1,-1,0.0000,0.0000
26,manifold768,768,5216,1,96,0.4283,0.90,50,-1,-1,0.0000,0.0000
26,manifold768,768,5216,1,96,0.4283,0.90,100,-1,-1,0.0000,0.0000
26,manifold768,768,5216,1,96,0.4283,0.90,150,-1,-1,0.0000,0.0000
26,manifold768,768,5216,1,96,0.4283,0.95,25,-1,-1,0.0000,0.0000
26,manifold768,768,5216,1,96,0.4283,0.95,50,-1,-1,0.0000,0.0000
26,manifold768,768,5216,1,96,0.4283,0.95,100,-1,-1,0.0000,0.0000
26,manifold768,768,5216,1,96,0.4283,0.95,150,-1,-1,0.0000,0.0000
26,manifold768,768,5216,1,96,0.4283,0.97,25,-1,-1,0.0000,0.0000
26,manifold768,768,5216,1,96,0.4283,0.97,50,-1,-1,0.0000,0.0000
26,manifold768,768,5216,1,96,0.4283,0.97,100,-1,-1,0.0000,0.0000
26,manifold768,768,5216,1,96,0.4283,0.97,150,-1,-1,0.0000,0.0000
26,manifold768,768,5216,2,192,0.8533,0.90,25,-1,-1,0.0000,0.0000
26,manifold768,768,5216,2,192,0.8533,0.90,50,-1,-1,0.0000,0.0000
26,manifold768,768,5216,2,192,0.8533,0.90,100,-1,-1,0.0000,0.0000
26,manifold768,768,5216,2,192,0.8533,0.90,150,-1,-1,0.0000,0.0000
26,manifold768,768,5216,2,192,0.8533,0.95,25,-1,-1,0.0000,0.0000
26,manifold768,768,5216,2,192,0.8533,0.95,50,-1,-1,0.0000,0.0000
26,manifold768,768,5216,2,192,0.8533,0.95,100,-1,-1,0.0000,0.0000
26,manifold768,768,5216,2,192,0.8533,0.95,150,-1,-1,0.0000,0.0000
26,manifold768,768,5216,2,192,0.8533,0.97,25,-1,-1,0.0000,0.0000
26,manifold768,768,5216,2,192,0.8533,0.97,50,-1,-1,0.0000,0.0000
26,manifold768,768,5216,2,192,0.8533,0.97,100,-1,-1,0.0000,0.0000
26,manifold768,768,5216,2,192,0.8533,0.97,150,-1,-1,0.0000,0.0000
26,manifold768,768,5216,4,384,1.0000,0.90,25,20,20,0.9320,0.9450
26,manifold768,768,5216,4,384,1.0000,0.90,50,20,20,0.9420,0.9450
26,manifold768,768,5216,4,384,1.0000,0.90,100,20,20,0.9290,0.9450
26,manifold768,768,5216,4,384,1.0000,0.90,150,20,20,0.9313,0.9450
26,manifold768,768,5216,4,384,1.0000,0.95,25,50,20,1.0000,0.9950
26,manifold768,768,5216,4,384,1.0000,0.95,50,50,20,0.9900,0.9950
26,manifold768,768,5216,4,384,1.0000,0.95,100,50,20,0.9880,0.9950
26,manifold768,768,5216,4,384,1.0000,0.95,150,50,20,0.9880,0.9950
26,manifold768,768,5216,4,384,1.0000,0.97,25,50,20,1.0000,0.9950
26,manifold768,768,5216,4,384,1.0000,0.97,50,50,20,0.9900,0.9950
26,manifold768,768,5216,4,384,1.0000,0.97,100,50,20,0.9880,0.9950
26,manifold768,768,5216,4,384,1.0000,0.97,150,50,20,0.9880,0.9950
26,manifold768,768,5216,32,3072,1.0000,0.90,25,20,10,0.9520,0.9583
26,manifold768,768,5216,32,3072,1.0000,0.90,50,20,10,0.9560,0.9583
26,manifold768,768,5216,32,3072,1.0000,0.90,100,20,10,0.9540,0.9583
26,manifold768,768,5216,32,3072,1.0000,0.90,150,20,10,0.9473,0.9583
26,manifold768,768,5216,32,3072,1.0000,0.95,25,20,30,0.9560,0.9583
26,manifold768,768,5216,32,3072,1.0000,0.95,50,20,10,0.9560,0.9583
26,manifold768,768,5216,32,3072,1.0000,0.95,100,50,10,0.9930,1.0000
26,manifold768,768,5216,32,3072,1.0000,0.95,150,50,10,0.9927,1.0000
26,manifold768,768,5216,32,3072,1.0000,0.97,25,50,10,0.9880,1.0000
26,manifold768,768,5216,32,3072,1.0000,0.97,50,50,10,0.9880,1.0000
26,manifold768,768,5216,32,3072,1.0000,0.97,100,50,10,0.9930,1.0000
26,manifold768,768,5216,32,3072,1.0000,0.97,150,50,10,0.9927,1.0000
27,manifold768,768,6090,1,96,0.5450,0.90,25,-1,-1,0.0000,0.0000
27,manifold768,768,6090,1,96,0.5450,0.90,50,-1,-1,0.0000,0.0000
27,manifold768,768,6090,1,96,0.5450,0.90,100,-1,-1,0.0000,0.0000
27,manifold768,768,6090,1,96,0.5450,0.90,150,-1,-1,0.0000,0.0000
27,manifold768,768,6090,1,96,0.5450,0.95,25,-1,-1,0.0000,0.0000
27,manifold768,768,6090,1,96,0.5450,0.95,50,-1,-1,0.0000,0.0000
27,manifold768,768,6090,1,96,0.5450,0.95,100,-1,-1,0.0000,0.0000
27,manifold768,768,6090,1,96,0.5450,0.95,150,-1,-1,0.0000,0.0000
27,manifold768,768,6090,1,96,0.5450,0.97,25,-1,-1,0.0000,0.0000
27,manifold768,768,6090,1,96,0.5450,0.97,50,-1,-1,0.0000,0.0000
27,manifold768,768,6090,1,96,0.5450,0.97,100,-1,-1,0.0000,0.0000
27,manifold768,768,6090,1,96,0.5450,0.97,150,-1,-1,0.0000,0.0000
27,manifold768,768,6090,2,192,0.9317,0.90,25,-1,-1,0.0000,0.0000
27,manifold768,768,6090,2,192,0.9317,0.90,50,500,500,0.9080,0.9317
27,manifold768,768,6090,2,192,0.9317,0.90,100,500,500,0.9160,0.9317
27,manifold768,768,6090,2,192,0.9317,0.90,150,500,500,0.9133,0.9317
27,manifold768,768,6090,2,192,0.9317,0.95,25,-1,-1,0.0000,0.0000
27,manifold768,768,6090,2,192,0.9317,0.95,50,-1,-1,0.0000,0.0000
27,manifold768,768,6090,2,192,0.9317,0.95,100,-1,-1,0.0000,0.0000
27,manifold768,768,6090,2,192,0.9317,0.95,150,-1,-1,0.0000,0.0000
27,manifold768,768,6090,2,192,0.9317,0.97,25,-1,-1,0.0000,0.0000
27,manifold768,768,6090,2,192,0.9317,0.97,50,-1,-1,0.0000,0.0000
27,manifold768,768,6090,2,192,0.9317,0.97,100,-1,-1,0.0000,0.0000
27,manifold768,768,6090,2,192,0.9317,0.97,150,-1,-1,0.0000,0.0000
27,manifold768,768,6090,4,384,1.0000,0.90,25,50,20,0.9720,0.9750
27,manifold768,768,6090,4,384,1.0000,0.90,50,50,20,0.9800,0.9750
27,manifold768,768,6090,4,384,1.0000,0.90,100,50,20,0.9800,0.9750
27,manifold768,768,6090,4,384,1.0000,0.90,150,50,20,0.9780,0.9750
27,manifold768,768,6090,4,384,1.0000,0.95,25,50,20,0.9720,0.9750
27,manifold768,768,6090,4,384,1.0000,0.95,50,50,20,0.9800,0.9750
27,manifold768,768,6090,4,384,1.0000,0.95,100,50,20,0.9800,0.9750
27,manifold768,768,6090,4,384,1.0000,0.95,150,50,20,0.9780,0.9750
27,manifold768,768,6090,4,384,1.0000,0.97,25,50,30,0.9760,0.9833
27,manifold768,768,6090,4,384,1.0000,0.97,50,50,20,0.9800,0.9750
27,manifold768,768,6090,4,384,1.0000,0.97,100,50,20,0.9800,0.9750
27,manifold768,768,6090,4,384,1.0000,0.97,150,50,20,0.9780,0.9750
27,manifold768,768,6090,32,3072,1.0000,0.90,25,50,10,0.9680,0.9900
27,manifold768,768,6090,32,3072,1.0000,0.90,50,50,10,0.9800,0.9900
27,manifold768,768,6090,32,3072,1.0000,0.90,100,50,10,0.9840,0.9900
27,manifold768,768,6090,32,3072,1.0000,0.90,150,50,10,0.9867,0.9900
27,manifold768,768,6090,32,3072,1.0000,0.95,25,50,10,0.9680,0.9900
27,manifold768,768,6090,32,3072,1.0000,0.95,50,50,10,0.9800,0.9900
27,manifold768,768,6090,32,3072,1.0000,0.95,100,50,10,0.9840,0.9900
27,manifold768,768,6090,32,3072,1.0000,0.95,150,50,10,0.9867,0.9900
27,manifold768,768,6090,32,3072,1.0000,0.97,25,100,10,1.0000,1.0000
27,manifold768,768,6090,32,3072,1.0000,0.97,50,50,10,0.9800,0.9900
27,manifold768,768,6090,32,3072,1.0000,0.97,100,50,10,0.9840,0.9900
27,manifold768,768,6090,32,3072,1.0000,0.97,150,50,10,0.9867,0.9900
28,manifold768,768,4960,1,96,0.5067,0.90,25,-1,-1,0.0000,0.0000
28,manifold768,768,4960,1,96,0.5067,0.90,50,-1,-1,0.0000,0.0000
28,manifold768,768,4960,1,96,0.5067,0.90,100,-1,-1,0.0000,0.0000
28,manifold768,768,4960,1,96,0.5067,0.90,150,-1,-1,0.0000,0.0000
28,manifold768,768,4960,1,96,0.5067,0.95,25,-1,-1,0.0000,0.0000
28,manifold768,768,4960,1,96,0.5067,0.95,50,-1,-1,0.0000,0.0000
28,manifold768,768,4960,1,96,0.5067,0.95,100,-1,-1,0.0000,0.0000
28,manifold768,768,4960,1,96,0.5067,0.95,150,-1,-1,0.0000,0.0000
28,manifold768,768,4960,1,96,0.5067,0.97,25,-1,-1,0.0000,0.0000
28,manifold768,768,4960,1,96,0.5067,0.97,50,-1,-1,0.0000,0.0000
28,manifold768,768,4960,1,96,0.5067,0.97,100,-1,-1,0.0000,0.0000
28,manifold768,768,4960,1,96,0.5067,0.97,150,-1,-1,0.0000,0.0000
28,manifold768,768,4960,2,192,0.9067,0.90,25,500,500,0.9160,0.9067
28,manifold768,768,4960,2,192,0.9067,0.90,50,-1,-1,0.0000,0.0000
28,manifold768,768,4960,2,192,0.9067,0.90,100,500,500,0.9110,0.9067
28,manifold768,768,4960,2,192,0.9067,0.90,150,500,500,0.9147,0.9067
28,manifold768,768,4960,2,192,0.9067,0.95,25,-1,-1,0.0000,0.0000
28,manifold768,768,4960,2,192,0.9067,0.95,50,-1,-1,0.0000,0.0000
28,manifold768,768,4960,2,192,0.9067,0.95,100,-1,-1,0.0000,0.0000
28,manifold768,768,4960,2,192,0.9067,0.95,150,-1,-1,0.0000,0.0000
28,manifold768,768,4960,2,192,0.9067,0.97,25,-1,-1,0.0000,0.0000
28,manifold768,768,4960,2,192,0.9067,0.97,50,-1,-1,0.0000,0.0000
28,manifold768,768,4960,2,192,0.9067,0.97,100,-1,-1,0.0000,0.0000
28,manifold768,768,4960,2,192,0.9067,0.97,150,-1,-1,0.0000,0.0000
28,manifold768,768,4960,4,384,1.0000,0.90,25,50,20,0.9640,0.9900
28,manifold768,768,4960,4,384,1.0000,0.90,50,20,20,0.9060,0.9483
28,manifold768,768,4960,4,384,1.0000,0.90,100,20,20,0.9220,0.9483
28,manifold768,768,4960,4,384,1.0000,0.90,150,20,20,0.9207,0.9483
28,manifold768,768,4960,4,384,1.0000,0.95,25,50,20,0.9640,0.9900
28,manifold768,768,4960,4,384,1.0000,0.95,50,50,20,0.9800,0.9900
28,manifold768,768,4960,4,384,1.0000,0.95,100,50,20,0.9850,0.9900
28,manifold768,768,4960,4,384,1.0000,0.95,150,50,20,0.9867,0.9900
28,manifold768,768,4960,4,384,1.0000,0.97,25,50,30,1.0000,0.9983
28,manifold768,768,4960,4,384,1.0000,0.97,50,50,20,0.9800,0.9900
28,manifold768,768,4960,4,384,1.0000,0.97,100,50,20,0.9850,0.9900
28,manifold768,768,4960,4,384,1.0000,0.97,150,50,20,0.9867,0.9900
28,manifold768,768,4960,32,3072,1.0000,0.90,25,20,10,0.9080,0.9350
28,manifold768,768,4960,32,3072,1.0000,0.90,50,20,10,0.9140,0.9350
28,manifold768,768,4960,32,3072,1.0000,0.90,100,20,10,0.9290,0.9350
28,manifold768,768,4960,32,3072,1.0000,0.90,150,20,10,0.9373,0.9350
28,manifold768,768,4960,32,3072,1.0000,0.95,25,50,10,0.9800,1.0000
28,manifold768,768,4960,32,3072,1.0000,0.95,50,50,10,0.9860,1.0000
28,manifold768,768,4960,32,3072,1.0000,0.95,100,50,10,0.9910,1.0000
28,manifold768,768,4960,32,3072,1.0000,0.95,150,50,10,0.9927,1.0000
28,manifold768,768,4960,32,3072,1.0000,0.97,25,50,10,0.9800,1.0000
28,manifold768,768,4960,32,3072,1.0000,0.97,50,50,10,0.9860,1.0000
28,manifold768,768,4960,32,3072,1.0000,0.97,100,50,10,0.9910,1.0000
28,manifold768,768,4960,32,3072,1.0000,0.97,150,50,10,0.9927,1.0000
29,manifold768,768,9585,1,96,0.4083,0.90,25,-1,-1,0.0000,0.0000
29,manifold768,768,9585,1,96,0.4083,0.90,50,-1,-1,0.0000,0.0000
29,manifold768,768,9585,1,96,0.4083,0.90,100,-1,-1,0.0000,0.0000
29,manifold768,768,9585,1,96,0.4083,0.90,150,-1,-1,0.0000,0.0000
29,manifold768,768,9585,1,96,0.4083,0.95,25,-1,-1,0.0000,0.0000
29,manifold768,768,9585,1,96,0.4083,0.95,50,-1,-1,0.0000,0.0000
29,manifold768,768,9585,1,96,0.4083,0.95,100,-1,-1,0.0000,0.0000
29,manifold768,768,9585,1,96,0.4083,0.95,150,-1,-1,0.0000,0.0000
29,manifold768,768,9585,1,96,0.4083,0.97,25,-1,-1,0.0000,0.0000
29,manifold768,768,9585,1,96,0.4083,0.97,50,-1,-1,0.0000,0.0000
29,manifold768,768,9585,1,96,0.4083,0.97,100,-1,-1,0.0000,0.0000
29,manifold768,768,9585,1,96,0.4083,0.97,150,-1,-1,0.0000,0.0000
29,manifold768,768,9585,2,192,0.7950,0.90,25,-1,-1,0.0000,0.0000
29,manifold768,768,9585,2,192,0.7950,0.90,50,-1,-1,0.0000,0.0000
29,manifold768,768,9585,2,192,0.7950,0.90,100,-1,-1,0.0000,0.0000
29,manifold768,768,9585,2,192,0.7950,0.90,150,-1,-1,0.0000,0.0000
29,manifold768,768,9585,2,192,0.7950,0.95,25,-1,-1,0.0000,0.0000
29,manifold768,768,9585,2,192,0.7950,0.95,50,-1,-1,0.0000,0.0000
29,manifold768,768,9585,2,192,0.7950,0.95,100,-1,-1,0.0000,0.0000
29,manifold768,768,9585,2,192,0.7950,0.95,150,-1,-1,0.0000,0.0000
29,manifold768,768,9585,2,192,0.7950,0.97,25,-1,-1,0.0000,0.0000
29,manifold768,768,9585,2,192,0.7950,0.97,50,-1,-1,0.0000,0.0000
29,manifold768,768,9585,2,192,0.7950,0.97,100,-1,-1,0.0000,0.0000
29,manifold768,768,9585,2,192,0.7950,0.97,150,-1,-1,0.0000,0.0000
29,manifold768,768,9585,4,384,1.0000,0.90,25,50,20,0.9760,0.9933
29,manifold768,768,9585,4,384,1.0000,0.90,50,50,20,0.9820,0.9933
29,manifold768,768,9585,4,384,1.0000,0.90,100,50,20,0.9880,0.9933
29,manifold768,768,9585,4,384,1.0000,0.90,150,20,100,0.9053,0.9133
29,manifold768,768,9585,4,384,1.0000,0.95,25,50,20,0.9760,0.9933
29,manifold768,768,9585,4,384,1.0000,0.95,50,50,20,0.9820,0.9933
29,manifold768,768,9585,4,384,1.0000,0.95,100,50,20,0.9880,0.9933
29,manifold768,768,9585,4,384,1.0000,0.95,150,50,20,0.9893,0.9933
29,manifold768,768,9585,4,384,1.0000,0.97,25,50,20,0.9760,0.9933
29,manifold768,768,9585,4,384,1.0000,0.97,50,50,20,0.9820,0.9933
29,manifold768,768,9585,4,384,1.0000,0.97,100,50,20,0.9880,0.9933
29,manifold768,768,9585,4,384,1.0000,0.97,150,50,20,0.9893,0.9933
29,manifold768,768,9585,32,3072,1.0000,0.90,25,20,200,0.9080,0.9267
29,manifold768,768,9585,32,3072,1.0000,0.90,50,20,10,0.9060,0.9267
29,manifold768,768,9585,32,3072,1.0000,0.90,100,20,10,0.9180,0.9267
29,manifold768,768,9585,32,3072,1.0000,0.90,150,20,10,0.9240,0.9267
29,manifold768,768,9585,32,3072,1.0000,0.95,25,50,10,0.9840,0.9950
29,manifold768,768,9585,32,3072,1.0000,0.95,50,50,10,0.9840,0.9950
29,manifold768,768,9585,32,3072,1.0000,0.95,100,50,10,0.9900,0.9950
29,manifold768,768,9585,32,3072,1.0000,0.95,150,50,10,0.9927,0.9950
29,manifold768,768,9585,32,3072,1.0000,0.97,25,50,10,0.9840,0.9950
29,manifold768,768,9585,32,3072,1.0000,0.97,50,50,10,0.9840,0.9950
29,manifold768,768,9585,32,3072,1.0000,0.97,100,50,10,0.9900,0.9950
29,manifold768,768,9585,32,3072,1.0000,0.97,150,50,10,0.9927,0.9950
30,manifold768,768,4204,1,96,0.5833,0.90,25,-1,-1,0.0000,0.0000
30,manifold768,768,4204,1,96,0.5833,0.90,50,-1,-1,0.0000,0.0000
30,manifold768,768,4204,1,96,0.5833,0.90,100,-1,-1,0.0000,0.0000
30,manifold768,768,4204,1,96,0.5833,0.90,150,-1,-1,0.0000,0.0000
30,manifold768,768,4204,1,96,0.5833,0.95,25,-1,-1,0.0000,0.0000
30,manifold768,768,4204,1,96,0.5833,0.95,50,-1,-1,0.0000,0.0000
30,manifold768,768,4204,1,96,0.5833,0.95,100,-1,-1,0.0000,0.0000
30,manifold768,768,4204,1,96,0.5833,0.95,150,-1,-1,0.0000,0.0000
30,manifold768,768,4204,1,96,0.5833,0.97,25,-1,-1,0.0000,0.0000
30,manifold768,768,4204,1,96,0.5833,0.97,50,-1,-1,0.0000,0.0000
30,manifold768,768,4204,1,96,0.5833,0.97,100,-1,-1,0.0000,0.0000
30,manifold768,768,4204,1,96,0.5833,0.97,150,-1,-1,0.0000,0.0000
30,manifold768,768,4204,2,192,0.9583,0.90,25,500,500,0.9280,0.9583
30,manifold768,768,4204,2,192,0.9583,0.90,50,500,500,0.9500,0.9583
30,manifold768,768,4204,2,192,0.9583,0.90,100,500,500,0.9560,0.9583
30,manifold768,768,4204,2,192,0.9583,0.90,150,500,500,0.9507,0.9583
30,manifold768,768,4204,2,192,0.9583,0.95,25,-1,-1,0.0000,0.0000
30,manifold768,768,4204,2,192,0.9583,0.95,50,-1,-1,0.0000,0.0000
30,manifold768,768,4204,2,192,0.9583,0.95,100,500,500,0.9560,0.9583
30,manifold768,768,4204,2,192,0.9583,0.95,150,-1,-1,0.0000,0.0000
30,manifold768,768,4204,2,192,0.9583,0.97,25,-1,-1,0.0000,0.0000
30,manifold768,768,4204,2,192,0.9583,0.97,50,-1,-1,0.0000,0.0000
30,manifold768,768,4204,2,192,0.9583,0.97,100,-1,-1,0.0000,0.0000
30,manifold768,768,4204,2,192,0.9583,0.97,150,-1,-1,0.0000,0.0000
30,manifold768,768,4204,4,384,1.0000,0.90,25,50,20,0.9760,0.9917
30,manifold768,768,4204,4,384,1.0000,0.90,50,50,20,0.9860,0.9917
30,manifold768,768,4204,4,384,1.0000,0.90,100,20,20,0.9080,0.9383
30,manifold768,768,4204,4,384,1.0000,0.90,150,20,20,0.9100,0.9383
30,manifold768,768,4204,4,384,1.0000,0.95,25,50,20,0.9760,0.9917
30,manifold768,768,4204,4,384,1.0000,0.95,50,50,20,0.9860,0.9917
30,manifold768,768,4204,4,384,1.0000,0.95,100,50,20,0.9900,0.9917
30,manifold768,768,4204,4,384,1.0000,0.95,150,50,20,0.9880,0.9917
30,manifold768,768,4204,4,384,1.0000,0.97,25,50,20,0.9760,0.9917
30,manifold768,768,4204,4,384,1.0000,0.97,50,50,20,0.9860,0.9917
30,manifold768,768,4204,4,384,1.0000,0.97,100,50,20,0.9900,0.9917
30,manifold768,768,4204,4,384,1.0000,0.97,150,50,20,0.9880,0.9917
30,manifold768,768,4204,32,3072,1.0000,0.90,25,50,10,0.9880,0.9950
30,manifold768,768,4204,32,3072,1.0000,0.90,50,50,10,0.9940,0.9950
30,manifold768,768,4204,32,3072,1.0000,0.90,100,20,10,0.9100,0.9067
30,manifold768,768,4204,32,3072,1.0000,0.90,150,20,10,0.9080,0.9067
30,manifold768,768,4204,32,3072,1.0000,0.95,25,50,10,0.9880,0.9950
30,manifold768,768,4204,32,3072,1.0000,0.95,50,50,10,0.9940,0.9950
30,manifold768,768,4204,32,3072,1.0000,0.95,100,50,10,0.9920,0.9950
30,manifold768,768,4204,32,3072,1.0000,0.95,150,50,10,0.9933,0.9950
30,manifold768,768,4204,32,3072,1.0000,0.97,25,50,10,0.9880,0.9950
30,manifold768,768,4204,32,3072,1.0000,0.97,50,50,10,0.9940,0.9950
30,manifold768,768,4204,32,3072,1.0000,0.97,100,50,10,0.9920,0.9950
30,manifold768,768,4204,32,3072,1.0000,0.97,150,50,10,0.9933,0.9950
31,manifold768,768,5216,1,96,0.4933,0.90,25,-1,-1,0.0000,0.0000
31,manifold768,768,5216,1,96,0.4933,0.90,50,-1,-1,0.0000,0.0000
31,manifold768,768,5216,1,96,0.4933,0.90,100,-1,-1,0.0000,0.0000
31,manifold768,768,5216,1,96,0.4933,0.90,150,-1,-1,0.0000,0.0000
31,manifold768,768,5216,1,96,0.4933,0.95,25,-1,-1,0.0000,0.0000
31,manifold768,768,5216,1,96,0.4933,0.95,50,-1,-1,0.0000,0.0000
31,manifold768,768,5216,1,96,0.4933,0.95,100,-1,-1,0.0000,0.0000
31,manifold768,768,5216,1,96,0.4933,0.95,150,-1,-1,0.0000,0.0000
31,manifold768,768,5216,1,96,0.4933,0.97,25,-1,-1,0.0000,0.0000
31,manifold768,768,5216,1,96,0.4933,0.97,50,-1,-1,0.0000,0.0000
31,manifold768,768,5216,1,96,0.4933,0.97,100,-1,-1,0.0000,0.0000
31,manifold768,768,5216,1,96,0.4933,0.97,150,-1,-1,0.0000,0.0000
31,manifold768,768,5216,2,192,0.9167,0.90,25,-1,-1,0.0000,0.0000
31,manifold768,768,5216,2,192,0.9167,0.90,50,-1,-1,0.0000,0.0000
31,manifold768,768,5216,2,192,0.9167,0.90,100,-1,-1,0.0000,0.0000
31,manifold768,768,5216,2,192,0.9167,0.90,150,-1,-1,0.0000,0.0000
31,manifold768,768,5216,2,192,0.9167,0.95,25,-1,-1,0.0000,0.0000
31,manifold768,768,5216,2,192,0.9167,0.95,50,-1,-1,0.0000,0.0000
31,manifold768,768,5216,2,192,0.9167,0.95,100,-1,-1,0.0000,0.0000
31,manifold768,768,5216,2,192,0.9167,0.95,150,-1,-1,0.0000,0.0000
31,manifold768,768,5216,2,192,0.9167,0.97,25,-1,-1,0.0000,0.0000
31,manifold768,768,5216,2,192,0.9167,0.97,50,-1,-1,0.0000,0.0000
31,manifold768,768,5216,2,192,0.9167,0.97,100,-1,-1,0.0000,0.0000
31,manifold768,768,5216,2,192,0.9167,0.97,150,-1,-1,0.0000,0.0000
31,manifold768,768,5216,4,384,1.0000,0.90,25,50,20,0.9680,0.9917
31,manifold768,768,5216,4,384,1.0000,0.90,50,50,20,0.9680,0.9917
31,manifold768,768,5216,4,384,1.0000,0.90,100,50,20,0.9790,0.9917
31,manifold768,768,5216,4,384,1.0000,0.90,150,50,20,0.9787,0.9917
31,manifold768,768,5216,4,384,1.0000,0.95,25,50,20,0.9680,0.9917
31,manifold768,768,5216,4,384,1.0000,0.95,50,50,20,0.9680,0.9917
31,manifold768,768,5216,4,384,1.0000,0.95,100,50,20,0.9790,0.9917
31,manifold768,768,5216,4,384,1.0000,0.95,150,50,20,0.9787,0.9917
31,manifold768,768,5216,4,384,1.0000,0.97,25,50,30,0.9760,0.9967
31,manifold768,768,5216,4,384,1.0000,0.97,50,50,30,0.9780,0.9967
31,manifold768,768,5216,4,384,1.0000,0.97,100,50,20,0.9790,0.9917
31,manifold768,768,5216,4,384,1.0000,0.97,150,50,20,0.9787,0.9917
31,manifold768,768,5216,32,3072,1.0000,0.90,25,50,10,1.0000,0.9900
31,manifold768,768,5216,32,3072,1.0000,0.90,50,20,10,0.9080,0.9133
31,manifold768,768,5216,32,3072,1.0000,0.90,100,20,10,0.9180,0.9133
31,manifold768,768,5216,32,3072,1.0000,0.90,150,20,10,0.9133,0.9133
31,manifold768,768,5216,32,3072,1.0000,0.95,25,50,10,1.0000,0.9900
31,manifold768,768,5216,32,3072,1.0000,0.95,50,50,10,1.0000,0.9900
31,manifold768,768,5216,32,3072,1.0000,0.95,100,50,10,0.9940,0.9900
31,manifold768,768,5216,32,3072,1.0000,0.95,150,50,10,0.9947,0.9900
31,manifold768,768,5216,32,3072,1.0000,0.97,25,50,10,1.0000,0.9900
31,manifold768,768,5216,32,3072,1.0000,0.97,50,50,10,1.0000,0.9900
31,manifold768,768,5216,32,3072,1.0000,0.97,100,50,10,0.9940,0.9900
31,manifold768,768,5216,32,3072,1.0000,0.97,150,50,10,0.9947,0.9900
32,isotropic768,768,8110,1,96,0.7467,0.90,25,-1,-1,0.0000,0.0000
32,isotropic768,768,8110,1,96,0.7467,0.90,50,-1,-1,0.0000,0.0000
32,isotropic768,768,8110,1,96,0.7467,0.90,100,-1,-1,0.0000,0.0000
32,isotropic768,768,8110,1,96,0.7467,0.90,150,-1,-1,0.0000,0.0000
32,isotropic768,768,8110,1,96,0.7467,0.95,25,-1,-1,0.0000,0.0000
32,isotropic768,768,8110,1,96,0.7467,0.95,50,-1,-1,0.0000,0.0000
32,isotropic768,768,8110,1,96,0.7467,0.95,100,-1,-1,0.0000,0.0000
32,isotropic768,768,8110,1,96,0.7467,0.95,150,-1,-1,0.0000,0.0000
32,isotropic768,768,8110,1,96,0.7467,0.97,25,-1,-1,0.0000,0.0000
32,isotropic768,768,8110,1,96,0.7467,0.97,50,-1,-1,0.0000,0.0000
32,isotropic768,768,8110,1,96,0.7467,0.97,100,-1,-1,0.0000,0.0000
32,isotropic768,768,8110,1,96,0.7467,0.97,150,-1,-1,0.0000,0.0000
32,isotropic768,768,8110,2,192,0.8567,0.90,25,-1,-1,0.0000,0.0000
32,isotropic768,768,8110,2,192,0.8567,0.90,50,-1,-1,0.0000,0.0000
32,isotropic768,768,8110,2,192,0.8567,0.90,100,-1,-1,0.0000,0.0000
32,isotropic768,768,8110,2,192,0.8567,0.90,150,-1,-1,0.0000,0.0000
32,isotropic768,768,8110,2,192,0.8567,0.95,25,-1,-1,0.0000,0.0000
32,isotropic768,768,8110,2,192,0.8567,0.95,50,-1,-1,0.0000,0.0000
32,isotropic768,768,8110,2,192,0.8567,0.95,100,-1,-1,0.0000,0.0000
32,isotropic768,768,8110,2,192,0.8567,0.95,150,-1,-1,0.0000,0.0000
32,isotropic768,768,8110,2,192,0.8567,0.97,25,-1,-1,0.0000,0.0000
32,isotropic768,768,8110,2,192,0.8567,0.97,50,-1,-1,0.0000,0.0000
32,isotropic768,768,8110,2,192,0.8567,0.97,100,-1,-1,0.0000,0.0000
32,isotropic768,768,8110,2,192,0.8567,0.97,150,-1,-1,0.0000,0.0000
32,isotropic768,768,8110,4,384,0.9700,0.90,25,200,30,0.9200,0.9050
32,isotropic768,768,8110,4,384,0.9700,0.90,50,200,30,0.9160,0.9050
32,isotropic768,768,8110,4,384,0.9700,0.90,100,200,30,0.9180,0.9050
32,isotropic768,768,8110,4,384,0.9700,0.90,150,200,30,0.9227,0.9050
32,isotropic768,768,8110,4,384,0.9700,0.95,25,500,30,0.9720,0.9567
32,isotropic768,768,8110,4,384,0.9700,0.95,50,500,30,0.9720,0.9567
32,isotropic768,768,8110,4,384,0.9700,0.95,100,500,30,0.9760,0.9567
32,isotropic768,768,8110,4,384,0.9700,0.95,150,500,30,0.9733,0.9567
32,isotropic768,768,8110,4,384,0.9700,0.97,25,500,50,0.9760,0.9700
32,isotropic768,768,8110,4,384,0.9700,0.97,50,500,50,0.9760,0.9700
32,isotropic768,768,8110,4,384,0.9700,0.97,100,500,30,0.9760,0.9567
32,isotropic768,768,8110,4,384,0.9700,0.97,150,500,50,0.9787,0.9700
32,isotropic768,768,8110,32,3072,0.9767,0.90,25,200,10,0.9120,0.9200
32,isotropic768,768,8110,32,3072,0.9767,0.90,50,200,10,0.9140,0.9200
32,isotropic768,768,8110,32,3072,0.9767,0.90,100,200,10,0.9170,0.9200
32,isotropic768,768,8110,32,3072,0.9767,0.90,150,200,10,0.9280,0.9200
32,isotropic768,768,8110,32,3072,0.9767,0.95,25,500,10,0.9800,0.9767
32,isotropic768,768,8110,32,3072,0.9767,0.95,50,500,10,0.9780,0.9767
32,isotropic768,768,8110,32,3072,0.9767,0.95,100,500,10,0.9830,0.9767
32,isotropic768,768,8110,32,3072,0.9767,0.95,150,500,10,0.9807,0.9767
32,isotropic768,768,8110,32,3072,0.9767,0.97,25,500,10,0.9800,0.9767
32,isotropic768,768,8110,32,3072,0.9767,0.97,50,500,10,0.9780,0.9767
32,isotropic768,768,8110,32,3072,0.9767,0.97,100,500,10,0.9830,0.9767
32,isotropic768,768,8110,32,3072,0.9767,0.97,150,500,10,0.9807,0.9767
