seg_id,type,dim,N,bits,code_bytes_per_vec,feasible_095,sel_ef,sel_depth,eval_recall,warm_p50,warm_p99,mean_nodes,bytes_per_query
0,easy128,128,9362,1,16,0,500,500,0.8067,1168.6,1881.8,6815.9,109054
0,easy128,128,9362,2,32,0,500,500,0.8933,952.8,1238.1,6125.0,196001
0,easy128,128,9362,4,64,1,500,30,0.9783,692.6,902.9,4982.1,318854
0,easy128,128,9362,32,512,1,500,10,0.9900,603.8,872.8,4977.4,2548420
1,easy128,128,20749,1,16,0,500,500,0.7117,1362.6,1830.6,9530.6,152489
1,easy128,128,20749,2,32,0,500,500,0.7683,1290.8,1715.5,8881.4,284203
1,easy128,128,20749,4,64,0,500,500,0.9617,1009.8,1786.6,6713.2,429644
1,easy128,128,20749,32,512,1,500,10,0.9567,809.4,2459.9,6708.0,3434505
2,easy128,128,8222,1,16,0,500,500,0.8050,948.5,1200.5,6359.8,101756
2,easy128,128,8222,2,32,0,500,500,0.8817,868.5,1350.3,5693.1,182178
2,easy128,128,8222,4,64,1,200,50,0.9517,390.8,667.5,3056.7,195629
2,easy128,128,8222,32,512,1,200,10,0.9650,326.5,554.5,3040.8,1556890
3,easy128,128,6665,1,16,0,500,500,0.8850,959.8,1338.7,5607.8,89725
3,easy128,128,6665,2,32,0,500,500,0.9250,820.9,1152.3,4987.1,159587
3,easy128,128,6665,4,64,1,200,30,0.9767,354.2,408.0,2877.0,184125
3,easy128,128,6665,32,512,1,200,10,0.9783,311.6,575.4,2860.5,1464585
4,easy128,128,5241,1,16,0,500,500,0.8583,812.0,1119.9,4712.9,75407
4,easy128,128,5241,2,32,0,500,500,0.9217,824.0,1530.4,4235.2,135527
4,easy128,128,5241,4,64,1,200,30,0.9667,326.9,430.3,2577.8,164978
4,easy128,128,5241,32,512,1,200,10,0.9733,280.7,465.9,2589.0,1325585
5,easy128,128,9526,1,16,0,500,500,0.8217,986.8,1543.3,6885.2,110164
5,easy128,128,9526,2,32,0,500,500,0.8933,884.5,1173.4,6223.6,199156
5,easy128,128,9526,4,64,1,500,30,0.9767,737.3,1016.4,5075.3,324820
5,easy128,128,9526,32,512,1,500,10,0.9917,648.3,1275.0,5076.0,2598929
6,easy128,128,5009,1,16,0,500,500,0.9000,716.9,1402.0,4545.9,72734
6,easy128,128,5009,2,32,0,500,500,0.9533,674.4,1061.2,4115.3,131689
6,easy128,128,5009,4,64,1,200,30,0.9783,313.1,376.5,2506.8,160433
6,easy128,128,5009,32,512,1,200,10,0.9850,268.7,532.4,2521.4,1290940
7,easy128,128,5001,1,16,0,500,500,0.8767,728.4,1420.3,4564.4,73030
7,easy128,128,5001,2,32,0,500,500,0.9633,754.3,1088.0,4111.6,131571
7,easy128,128,5001,4,64,1,200,30,0.9883,316.6,524.1,2545.5,162913
7,easy128,128,5001,32,512,1,200,10,0.9967,283.1,398.9,2542.8,1301888
8,easy128,128,5935,1,16,0,500,500,0.8617,1036.4,1483.8,5142.4,82279
8,easy128,128,5935,2,32,0,500,500,0.9300,719.2,968.8,4651.7,148855
8,easy128,128,5935,4,64,1,200,30,0.9600,337.6,434.0,2728.9,174647
8,easy128,128,5935,32,512,1,200,10,0.9783,298.8,647.8,2738.4,1402035
9,easy128,128,7114,1,16,0,500,500,0.8683,906.5,1284.3,5801.7,92826
9,easy128,128,7114,2,32,0,500,500,0.9283,822.8,1199.5,5192.3,166154
9,easy128,128,7114,4,64,1,200,30,0.9650,380.8,747.3,2933.7,187759
9,easy128,128,7114,32,512,1,200,10,0.9767,328.6,561.3,2926.9,1498581
10,sift128,128,8015,1,16,1,500,300,0.9717,515.2,1086.6,2330.6,37290
10,sift128,128,8015,2,32,1,50,50,0.9550,99.0,184.9,642.8,20569
10,sift128,128,8015,4,64,1,20,20,0.9750,43.5,63.8,337.1,21572
10,sift128,128,8015,32,512,1,20,10,0.9767,32.5,45.7,333.4,170684
11,sift128,128,5097,1,16,1,200,200,0.9833,217.8,313.4,1256.3,20101
11,sift128,128,5097,2,32,1,50,50,0.9683,78.2,96.1,548.8,17561
11,sift128,128,5097,4,64,1,20,20,0.9733,39.3,53.1,303.4,19419
11,sift128,128,5097,32,512,1,20,10,0.9617,31.6,40.5,300.3,153754
12,sift128,128,5633,1,16,1,200,200,0.9750,212.9,295.7,1333.9,21342
12,sift128,128,5633,2,32,1,50,50,0.9583,83.9,100.9,617.1,19748
12,sift128,128,5633,4,64,1,50,20,0.9950,72.8,96.5,552.2,35339
12,sift128,128,5633,32,512,1,50,10,0.9933,58.0,71.7,547.8,280482
13,sift128,128,5073,1,16,1,200,200,0.9683,240.1,565.5,1293.8,20700
13,sift128,128,5073,2,32,1,50,50,0.9633,82.3,102.5,602.6,19282
13,sift128,128,5073,4,64,1,20,20,0.9700,41.0,63.4,320.5,20510
13,sift128,128,5073,32,512,1,20,10,0.9667,32.6,43.9,312.2,159846
14,sift128,128,5686,1,16,1,200,200,0.9667,221.4,324.5,1175.7,18811
14,sift128,128,5686,2,32,1,50,50,0.9867,76.4,90.2,547.0,17505
14,sift128,128,5686,4,64,1,20,20,0.9700,38.2,48.5,281.8,18036
14,sift128,128,5686,32,512,1,20,10,0.9783,27.5,41.6,281.6,144154
15,sift128,128,5163,1,16,1,200,200,0.9517,230.5,428.0,1256.8,20109
15,sift128,128,5163,2,32,1,50,50,0.9600,79.9,96.3,554.7,17749
15,sift128,128,5163,4,64,1,50,20,0.9950,70.8,85.1,523.5,33505
15,sift128,128,5163,32,512,1,50,10,0.9900,59.0,74.2,524.4,268484
16,sift128,128,5073,1,16,1,500,300,0.9617,351.0,439.0,1633.6,26137
16,sift128,128,5073,2,32,1,50,50,0.9733,72.9,91.7,500.4,16012
16,sift128,128,5073,4,64,1,20,20,0.9717,35.3,50.5,266.9,17083
16,sift128,128,5073,32,512,1,20,10,0.9600,27.5,36.3,269.7,138069
17,sift128,128,5512,1,16,1,200,200,0.9450,232.5,450.9,1108.6,17737
17,sift128,128,5512,2,32,1,50,50,0.9767,70.3,97.4,483.9,15486
17,sift128,128,5512,4,64,1,20,20,0.9733,35.3,47.9,262.9,16826
17,sift128,128,5512,32,512,1,20,10,0.9717,26.8,39.2,266.3,136354
18,medium384,384,7357,1,48,0,500,500,0.7783,4447.9,4763.5,6019.1,288915
18,medium384,384,7357,2,96,0,500,500,0.8867,1549.0,2355.0,5134.8,492944
18,medium384,384,7357,4,192,1,500,30,0.9800,1186.2,1355.5,4227.8,811744
18,medium384,384,7357,32,1536,1,500,10,0.9867,1332.4,2019.2,4250.7,6529126
19,medium384,384,5078,1,48,0,500,500,0.8717,3673.5,5527.8,4669.0,224114
19,medium384,384,5078,2,96,0,500,500,0.9467,1289.1,2036.1,4059.9,389746
19,medium384,384,5078,4,192,1,200,30,0.9750,668.3,886.0,2472.5,474710
19,medium384,384,5078,32,1536,1,200,10,0.9783,697.7,824.2,2464.4,3785242
20,medium384,384,7683,1,48,0,500,500,0.7667,4683.8,5022.9,6263.2,300634
20,medium384,384,7683,2,96,0,500,500,0.8667,1715.3,2425.8,5304.3,509210
20,medium384,384,7683,4,192,1,500,30,0.9683,1375.8,2410.3,4372.4,839498
20,medium384,384,7683,32,1536,1,500,10,0.9850,1363.5,1873.5,4392.6,6746982
21,medium384,384,5829,1,48,0,500,500,0.8367,4316.3,4994.0,5229.2,250999
21,medium384,384,5829,2,96,0,500,500,0.9100,1565.5,1893.0,4488.1,430859
21,medium384,384,5829,4,192,1,500,30,0.9750,1180.3,1845.2,3778.9,725555
21,medium384,384,5829,32,1536,1,200,10,0.9483,786.9,1067.7,2622.5,4028109
22,medium384,384,6813,1,48,0,500,500,0.7983,4296.8,4643.1,5727.0,274897
22,medium384,384,6813,2,96,0,500,500,0.9033,1612.6,1868.0,4898.8,470280
22,medium384,384,6813,4,192,1,500,30,0.9700,1215.8,1469.6,4073.4,782086
22,medium384,384,6813,32,1536,1,500,10,0.9867,1422.0,2097.1,4113.0,6317517
23,medium384,384,10002,1,48,0,500,500,0.7383,5664.9,5896.4,7278.8,349384
23,medium384,384,10002,2,96,0,500,500,0.8433,1837.3,2146.6,6223.8,597485
23,medium384,384,10002,4,192,1,500,50,0.9717,1368.5,1672.4,4846.2,930470
23,medium384,384,10002,32,1536,1,500,10,0.9800,1468.5,2082.9,4860.4,7465498
24,medium384,384,7363,1,48,0,500,500,0.8150,4513.9,4809.3,6052.7,290530
24,medium384,384,7363,2,96,0,500,500,0.8833,1503.4,1912.8,5144.4,493866
24,medium384,384,7363,4,192,1,500,30,0.9800,1170.1,1295.0,4257.6,817459
24,medium384,384,7363,32,1536,1,500,10,0.9950,1307.9,1741.2,4272.4,6562432
25,manifold768,768,9612,1,96,0,500,500,0.3633,10866.5,13358.1,6935.9,665848
25,manifold768,768,9612,2,192,0,500,500,0.7350,3463.5,3915.6,6644.8,1275802
25,manifold768,768,9612,4,384,1,50,20,0.9767,560.8,791.6,1221.7,469146
25,manifold768,768,9612,32,3072,1,50,10,0.9950,741.3,886.8,1215.8,3735040
26,manifold768,768,5216,1,96,0,500,500,0.4283,7206.0,7442.3,4688.0,450050
26,manifold768,768,5216,2,192,0,500,500,0.8533,2562.2,2864.8,4435.3,851584
26,manifold768,768,5216,4,384,1,50,20,0.9950,505.2,728.3,1099.8,422323
26,manifold768,768,5216,32,3072,1,50,10,1.0000,673.6,1050.1,1103.8,3390720
27,manifold768,768,6090,1,96,0,500,500,0.5450,8224.4,8684.6,5258.0,504763
27,manifold768,768,6090,2,192,0,500,500,0.9317,2789.4,3372.3,4968.9,954035
27,manifold768,768,6090,4,384,1,50,20,0.9750,527.0,692.9,1156.0,443885
27,manifold768,768,6090,32,3072,1,50,10,0.9900,711.2,1004.4,1143.3,3512115
28,manifold768,768,4960,1,96,0,500,500,0.5067,7109.3,7448.8,4517.1,433642
28,manifold768,768,4960,2,192,0,500,500,0.9067,2464.4,2876.6,4277.6,821296
28,manifold768,768,4960,4,384,1,50,20,0.9900,491.0,769.4,1083.0,415859
28,manifold768,768,4960,32,3072,1,50,10,1.0000,665.3,870.3,1083.3,3327795
29,manifold768,768,9585,1,96,0,500,500,0.4083,10881.0,11453.1,6888.9,661331
29,manifold768,768,9585,2,192,0,500,500,0.7950,3576.5,4509.8,6632.0,1273350
29,manifold768,768,9585,4,384,1,50,20,0.9933,566.0,811.4,1195.3,459002
29,manifold768,768,9585,32,3072,1,50,10,0.9950,734.8,938.9,1189.6,3654298
30,manifold768,768,4204,1,96,0,500,500,0.5833,6351.1,6636.1,3955.8,379755
30,manifold768,768,4204,2,192,0,500,500,0.9583,2194.0,2654.1,3755.0,720957
30,manifold768,768,4204,4,384,1,50,20,0.9917,480.2,777.5,1052.7,404250
30,manifold768,768,4204,32,3072,1,50,10,0.9950,648.3,801.0,1051.6,3230464
31,manifold768,768,5216,1,96,0,500,500,0.4933,7416.8,7636.8,4687.4,449986
31,manifold768,768,5216,2,192,0,500,500,0.9167,2534.8,2956.4,4444.1,853264
31,manifold768,768,5216,4,384,1,50,20,0.9917,509.6,908.0,1119.8,430016
31,manifold768,768,5216,32,3072,1,50,10,0.9900,680.7,821.0,1114.8,3424512
32,isotropic768,768,8110,1,96,0,500,500,0.7467,9906.4,10149.0,6421.6,616474
32,isotropic768,768,8110,2,192,0,500,500,0.8567,3068.1,3650.3,5358.6,1028854
32,isotropic768,768,8110,4,384,1,500,30,0.9567,2246.0,2507.9,4342.6,1667552
32,isotropic768,768,8110,32,3072,1,500,10,0.9767,3149.6,3804.2,4333.5,13312358
