seg,type,dim,N,rep,precond,policy,frac,eff_bits,code_bytes_per_vec,sidecar_bytes,total_bytes_per_vec,ceil20,ceil50,ceil100,ceil200,ceil500,ceil_max,min_ef_095,feasible_095,build_ms
0,sift128,128,8000,uniform1,none,uniform,0.00,1.000,16,0,16,0.5230,0.7410,0.8700,0.9450,0.9900,0.9900,500,1,1684
0,sift128,128,8000,uniform2,none,uniform,0.00,2.000,32,0,32,0.8290,0.9600,0.9960,1.0000,1.0000,1.0000,50,1,1412
0,sift128,128,8000,uniform4,none,uniform,0.00,4.000,64,0,64,0.9710,0.9990,1.0000,1.0000,1.0000,1.0000,20,1,1335
0,sift128,128,8000,frac1.25,none,random,0.25,1.250,20,0,20,0.5730,0.7750,0.9000,0.9670,0.9990,0.9990,200,1,1408
0,sift128,128,8000,frac1.25,none,variance,0.25,1.250,20,0,20,0.5290,0.7510,0.8690,0.9400,0.9930,0.9930,500,1,1337
0,sift128,128,8000,frac1.25,none,recon,0.25,1.250,20,0,20,0.5230,0.7770,0.8820,0.9520,0.9890,0.9890,200,1,1309
0,sift128,128,8000,frac1.25,none,nbhd,0.25,1.250,20,0,20,0.5520,0.7670,0.8860,0.9500,0.9900,0.9900,200,1,1290
0,sift128,128,8000,frac1.5,none,random,0.50,1.500,24,0,24,0.6140,0.8350,0.9350,0.9810,0.9990,0.9990,200,1,1409
0,sift128,128,8000,frac1.5,none,variance,0.50,1.500,24,0,24,0.5940,0.8120,0.9140,0.9740,0.9960,0.9960,200,1,1239
0,sift128,128,8000,frac1.5,none,recon,0.50,1.500,24,0,24,0.5880,0.8180,0.9110,0.9630,0.9960,0.9960,200,1,1234
0,sift128,128,8000,frac1.5,none,nbhd,0.50,1.500,24,0,24,0.6290,0.8310,0.9170,0.9770,0.9970,0.9970,200,1,1302
1,iid128,128,8000,uniform1,none,uniform,0.00,1.000,16,0,16,0.1470,0.2890,0.4460,0.6270,0.8250,0.8250,-1,0,3583
1,iid128,128,8000,uniform2,none,uniform,0.00,2.000,32,0,32,0.2020,0.3820,0.5500,0.7090,0.8950,0.8950,-1,0,3220
1,iid128,128,8000,uniform4,none,uniform,0.00,4.000,64,0,64,0.5930,0.7880,0.9060,0.9600,0.9890,0.9890,200,1,2530
1,iid128,128,8000,frac1.25,none,random,0.25,1.250,20,0,20,0.1300,0.2640,0.4020,0.5760,0.7760,0.7760,-1,0,3587
1,iid128,128,8000,frac1.25,none,variance,0.25,1.250,20,0,20,0.1440,0.2720,0.4120,0.5830,0.7760,0.7760,-1,0,3612
1,iid128,128,8000,frac1.25,none,recon,0.25,1.250,20,0,20,0.1480,0.2720,0.4090,0.5750,0.8090,0.8090,-1,0,3597
1,iid128,128,8000,frac1.25,none,nbhd,0.25,1.250,20,0,20,0.1480,0.2700,0.4180,0.5820,0.7730,0.7730,-1,0,3553
1,iid128,128,8000,frac1.5,none,random,0.50,1.500,24,0,24,0.1420,0.2430,0.3920,0.5380,0.7510,0.7510,-1,0,3433
1,iid128,128,8000,frac1.5,none,variance,0.50,1.500,24,0,24,0.1410,0.2630,0.4000,0.5410,0.7520,0.7520,-1,0,3390
1,iid128,128,8000,frac1.5,none,recon,0.50,1.500,24,0,24,0.1360,0.2570,0.4090,0.5700,0.7790,0.7790,-1,0,3439
1,iid128,128,8000,frac1.5,none,nbhd,0.50,1.500,24,0,24,0.1400,0.2650,0.3850,0.5380,0.7560,0.7560,-1,0,3424
2,iid384,384,7000,uniform1,none,uniform,0.00,1.000,48,0,48,0.1210,0.2460,0.3890,0.5900,0.8250,0.8250,-1,0,9281
2,iid384,384,7000,uniform2,none,uniform,0.00,2.000,96,0,96,0.1920,0.3660,0.5470,0.7200,0.9070,0.9070,-1,0,8073
2,iid384,384,7000,uniform4,none,uniform,0.00,4.000,192,0,192,0.5290,0.7420,0.8730,0.9350,0.9840,0.9840,500,1,6042
2,iid384,384,7000,frac1.25,none,random,0.25,1.250,60,0,60,0.1040,0.2440,0.3760,0.5590,0.7760,0.7760,-1,0,9203
2,iid384,384,7000,frac1.25,none,variance,0.25,1.250,60,0,60,0.1090,0.2260,0.3790,0.5550,0.7920,0.7920,-1,0,9221
2,iid384,384,7000,frac1.25,none,recon,0.25,1.250,60,0,60,0.1350,0.2510,0.3970,0.5800,0.7950,0.7950,-1,0,9232
2,iid384,384,7000,frac1.25,none,nbhd,0.25,1.250,60,0,60,0.1200,0.2270,0.3780,0.5430,0.7720,0.7720,-1,0,9209
2,iid384,384,7000,frac1.5,none,random,0.50,1.500,72,0,72,0.1220,0.2250,0.3570,0.5410,0.7700,0.7700,-1,0,9063
2,iid384,384,7000,frac1.5,none,variance,0.50,1.500,72,0,72,0.0960,0.2020,0.3690,0.5450,0.7730,0.7730,-1,0,9174
2,iid384,384,7000,frac1.5,none,recon,0.50,1.500,72,0,72,0.1200,0.2330,0.3710,0.5460,0.7700,0.7700,-1,0,9116
2,iid384,384,7000,frac1.5,none,nbhd,0.50,1.500,72,0,72,0.1000,0.2100,0.3480,0.5250,0.7490,0.7490,-1,0,8797
3,manifold768,768,6000,uniform1,none,uniform,0.00,1.000,96,0,96,0.0510,0.1210,0.1890,0.2990,0.4960,0.4960,-1,0,13489
3,manifold768,768,6000,uniform2,none,uniform,0.00,2.000,192,0,192,0.1900,0.3740,0.5610,0.7330,0.9060,0.9060,-1,0,11997
3,manifold768,768,6000,uniform4,none,uniform,0.00,4.000,384,0,384,0.9180,0.9980,1.0000,1.0000,1.0000,1.0000,50,1,9337
3,manifold768,768,6000,frac1.25,none,random,0.25,1.250,120,0,120,0.0610,0.1300,0.2080,0.3310,0.5430,0.5430,-1,0,13488
3,manifold768,768,6000,frac1.25,none,variance,0.25,1.250,120,0,120,0.0710,0.1410,0.2260,0.3370,0.5350,0.5350,-1,0,13514
3,manifold768,768,6000,frac1.25,none,recon,0.25,1.250,120,0,120,0.0690,0.1310,0.2110,0.3190,0.5250,0.5250,-1,0,13638
3,manifold768,768,6000,frac1.25,none,nbhd,0.25,1.250,120,0,120,0.0590,0.1130,0.1950,0.3240,0.5300,0.5300,-1,0,13569
3,manifold768,768,6000,frac1.5,none,random,0.50,1.500,144,0,144,0.0720,0.1410,0.2370,0.3640,0.5840,0.5840,-1,0,13472
3,manifold768,768,6000,frac1.5,none,variance,0.50,1.500,144,0,144,0.0790,0.1570,0.2640,0.3950,0.5840,0.5840,-1,0,13414
3,manifold768,768,6000,frac1.5,none,recon,0.50,1.500,144,0,144,0.0740,0.1360,0.2280,0.3730,0.5770,0.5770,-1,0,13359
3,manifold768,768,6000,frac1.5,none,nbhd,0.50,1.500,144,0,144,0.0850,0.1540,0.2430,0.3730,0.5890,0.5890,-1,0,13168
4,iso768,768,5000,uniform1,none,uniform,0.00,1.000,96,0,96,0.1150,0.2350,0.3880,0.5840,0.8300,0.8300,-1,0,11818
4,iso768,768,5000,uniform2,none,uniform,0.00,2.000,192,0,192,0.2320,0.4170,0.5950,0.7620,0.9250,0.9250,-1,0,9998
4,iso768,768,5000,uniform4,none,uniform,0.00,4.000,384,0,384,0.5350,0.7650,0.8890,0.9540,0.9910,0.9910,200,1,7827
4,iso768,768,5000,frac1.25,none,random,0.25,1.250,120,0,120,0.1130,0.2270,0.3720,0.5720,0.8070,0.8070,-1,0,11983
4,iso768,768,5000,frac1.25,none,variance,0.25,1.250,120,0,120,0.1170,0.2360,0.3700,0.5660,0.8180,0.8180,-1,0,12048
4,iso768,768,5000,frac1.25,none,recon,0.25,1.250,120,0,120,0.1250,0.2460,0.3850,0.5790,0.8120,0.8120,-1,0,11928
4,iso768,768,5000,frac1.25,none,nbhd,0.25,1.250,120,0,120,0.1060,0.2280,0.3800,0.5690,0.8110,0.8110,-1,0,11907
4,iso768,768,5000,frac1.5,none,random,0.50,1.500,144,0,144,0.1030,0.2150,0.3540,0.5530,0.8060,0.8060,-1,0,11885
4,iso768,768,5000,frac1.5,none,variance,0.50,1.500,144,0,144,0.1140,0.2280,0.3710,0.5670,0.8070,0.8070,-1,0,11981
4,iso768,768,5000,frac1.5,none,recon,0.50,1.500,144,0,144,0.1120,0.2300,0.3610,0.5560,0.7890,0.7890,-1,0,11939
4,iso768,768,5000,frac1.5,none,nbhd,0.50,1.500,144,0,144,0.1180,0.2200,0.3700,0.5660,0.7940,0.7940,-1,0,11878
