segment,representation,bits,rotation,ef_search,candidate_ceiling,mean_nodes_visited,recall@100rerank,warm_p50_us,warm_p99_us
sift_real,fp32,32,false,20,0.9760,297.6,0.9750,75.4,207.2
sift_real,fp32,32,false,50,0.9980,546.4,0.9990,141.2,298.7
sift_real,fp32,32,false,100,0.9987,858.9,1.0000,133.9,346.9
sift_real,fp32,32,false,200,1.0000,1322.4,1.0000,216.8,416.7
sift_real,fp32,32,false,500,1.0000,2241.4,1.0000,416.5,887.7
sift_real,1bit,1,false,20,0.5680,335.7,0.5850,37.5,72.7
sift_real,1bit,1,false,50,0.7853,600.4,0.7980,83.5,225.5
sift_real,1bit,1,false,100,0.8920,935.8,0.8970,144.2,223.7
sift_real,1bit,1,false,200,0.9600,1434.1,0.9010,216.2,345.7
sift_real,1bit,1,false,500,0.9940,2426.8,0.9000,448.5,966.2
sift_real,1bit_rot,1,true,20,0.6893,364.4,0.7130,36.0,58.4
sift_real,1bit_rot,1,true,50,0.8707,657.4,0.8930,85.8,224.8
sift_real,1bit_rot,1,true,100,0.9520,1009.9,0.9610,153.1,250.7
sift_real,1bit_rot,1,true,200,0.9847,1517.0,0.9610,231.2,347.8
sift_real,1bit_rot,1,true,500,0.9973,2468.2,0.9620,387.0,563.9
sift_real,2bit,2,false,20,0.8473,326.5,0.8630,32.0,55.0
sift_real,2bit,2,false,50,0.9740,591.2,0.9770,76.0,118.2
sift_real,2bit,2,false,100,0.9947,926.2,0.9950,135.2,233.5
sift_real,2bit,2,false,200,0.9993,1411.3,0.9950,211.7,340.2
sift_real,2bit,2,false,500,1.0000,2355.2,0.9960,406.8,579.8
sift_real,2bit_rot,2,true,20,0.6947,371.8,0.7120,35.7,51.6
sift_real,2bit_rot,2,true,50,0.8900,666.0,0.8990,78.9,106.5
sift_real,2bit_rot,2,true,100,0.9640,1031.1,0.9710,142.0,219.9
sift_real,2bit_rot,2,true,200,0.9927,1553.0,0.9820,223.5,428.8
sift_real,2bit_rot,2,true,500,0.9987,2511.6,0.9820,412.3,676.9
sift_real,4bit,4,false,20,0.9700,300.6,0.9740,28.9,55.5
sift_real,4bit,4,false,50,0.9980,550.8,0.9970,74.1,108.6
sift_real,4bit,4,false,100,0.9993,862.6,0.9990,125.8,197.5
sift_real,4bit,4,false,200,1.0000,1328.2,1.0000,204.5,304.4
sift_real,4bit,4,false,500,1.0000,2246.7,1.0000,399.2,597.7
sift_real,4bit_rot,4,true,20,0.9733,304.5,0.9750,29.5,40.3
sift_real,4bit_rot,4,true,50,0.9953,556.1,0.9940,69.9,111.7
sift_real,4bit_rot,4,true,100,0.9980,869.4,0.9980,122.0,198.7
sift_real,4bit_rot,4,true,200,0.9980,1339.3,0.9980,206.2,318.0
sift_real,4bit_rot,4,true,500,0.9980,2258.2,0.9980,390.0,549.5
isotropic,fp32,32,false,20,0.4540,672.6,0.4410,417.7,570.6
isotropic,fp32,32,false,50,0.6733,1252.0,0.6600,800.5,941.4
isotropic,fp32,32,false,100,0.8200,1987.1,0.8090,1316.5,1545.2
isotropic,fp32,32,false,200,0.9127,3019.9,0.9070,2041.9,2251.2
isotropic,fp32,32,false,500,0.9620,4726.8,0.9610,3353.7,3595.1
isotropic,1bit,1,false,20,0.0820,805.1,0.0840,523.7,739.1
isotropic,1bit,1,false,50,0.1600,1636.9,0.1580,1081.4,1428.8
isotropic,1bit,1,false,100,0.2727,2710.2,0.2770,1836.9,2300.6
isotropic,1bit,1,false,200,0.4473,4405.2,0.3650,3017.7,3231.7
isotropic,1bit,1,false,500,0.7320,7253.6,0.4440,5129.2,5385.5
isotropic,1bit_rot,1,true,20,0.0107,586.6,0.0120,375.5,560.5
isotropic,1bit_rot,1,true,50,0.0200,1133.6,0.0200,748.5,860.6
isotropic,1bit_rot,1,true,100,0.0333,1854.6,0.0300,1264.6,1521.3
isotropic,1bit_rot,1,true,200,0.0560,2913.8,0.0310,1983.8,2223.8
isotropic,1bit_rot,1,true,500,0.1133,4793.4,0.0320,3374.0,3653.8
isotropic,2bit,2,false,20,0.1533,775.5,0.1630,487.2,740.3
isotropic,2bit,2,false,50,0.2987,1480.7,0.3120,962.6,1202.1
isotropic,2bit,2,false,100,0.4640,2402.1,0.4740,1614.8,1887.6
isotropic,2bit,2,false,200,0.6480,3781.5,0.5560,2576.3,2792.0
isotropic,2bit,2,false,500,0.8413,6004.2,0.6120,4270.3,4566.5
isotropic,2bit_rot,2,true,20,0.0207,535.4,0.0200,324.0,405.6
isotropic,2bit_rot,2,true,50,0.0373,1079.4,0.0380,670.1,766.5
isotropic,2bit_rot,2,true,100,0.0747,1691.8,0.0670,1073.3,1233.8
isotropic,2bit_rot,2,true,200,0.1367,2094.5,0.0720,1335.4,1510.6
isotropic,2bit_rot,2,true,500,0.2307,2213.5,0.0710,1478.7,1647.3
isotropic,4bit,4,false,20,0.4740,670.7,0.4720,419.0,567.8
isotropic,4bit,4,false,50,0.6600,1244.4,0.6470,807.1,959.6
isotropic,4bit,4,false,100,0.8047,1980.3,0.7950,1324.3,1552.0
isotropic,4bit,4,false,200,0.8893,3004.8,0.8840,2018.6,2268.5
isotropic,4bit,4,false,500,0.9620,4715.1,0.9650,3300.7,3542.6
isotropic,4bit_rot,4,true,20,0.3040,673.1,0.3150,419.5,616.0
isotropic,4bit_rot,4,true,50,0.5087,1239.9,0.5040,806.0,926.5
isotropic,4bit_rot,4,true,100,0.6760,1992.4,0.6690,1340.5,1516.8
isotropic,4bit_rot,4,true,200,0.8187,3038.0,0.7780,2047.2,2262.8
isotropic,4bit_rot,4,true,500,0.9233,4799.7,0.8530,3419.0,3686.6
clustered,fp32,32,false,20,0.6133,314.6,0.6100,26.8,51.1
clustered,fp32,32,false,50,0.7707,456.9,0.7520,49.4,98.9
clustered,fp32,32,false,100,0.8833,580.8,0.8630,78.6,169.0
clustered,fp32,32,false,200,0.9480,740.5,0.9350,131.7,200.6
clustered,fp32,32,false,500,0.9720,1285.4,0.9680,257.3,406.5
clustered,1bit,1,false,20,0.0453,249.2,0.0430,23.4,54.0
clustered,1bit,1,false,50,0.0920,410.5,0.0820,51.8,120.0
clustered,1bit,1,false,100,0.1667,628.0,0.1520,100.6,236.8
clustered,1bit,1,false,200,0.2920,917.1,0.1660,173.8,389.0
clustered,1bit,1,false,500,0.5400,1672.8,0.1780,317.5,481.7
clustered,1bit_rot,1,true,20,0.1560,322.4,0.1550,29.5,57.9
clustered,1bit_rot,1,true,50,0.3247,515.1,0.3080,64.0,120.1
clustered,1bit_rot,1,true,100,0.4853,693.1,0.4790,113.5,190.0
clustered,1bit_rot,1,true,200,0.6773,1028.3,0.5240,191.8,315.9
clustered,1bit_rot,1,true,500,0.8753,1831.4,0.5590,367.5,533.3
clustered,2bit,2,false,20,0.1280,307.9,0.1320,28.1,44.6
clustered,2bit,2,false,50,0.2413,508.3,0.2480,61.5,97.5
clustered,2bit,2,false,100,0.4160,739.1,0.4120,100.6,170.8
clustered,2bit,2,false,200,0.6133,1096.7,0.4370,162.9,253.7
clustered,2bit,2,false,500,0.8433,1820.0,0.4350,313.8,464.6
clustered,2bit_rot,2,true,20,0.1087,232.7,0.1060,22.3,46.4
clustered,2bit_rot,2,true,50,0.2467,381.6,0.2460,49.7,96.6
clustered,2bit_rot,2,true,100,0.3647,549.8,0.3500,87.9,148.0
clustered,2bit_rot,2,true,200,0.4980,794.9,0.3820,145.5,246.1
clustered,2bit_rot,2,true,500,0.7573,1508.8,0.3700,304.2,477.6
clustered,4bit,4,false,20,0.4880,312.4,0.4740,27.9,56.1
clustered,4bit,4,false,50,0.7013,449.7,0.6750,55.3,88.8
clustered,4bit,4,false,100,0.8460,596.7,0.8110,90.9,183.6
clustered,4bit,4,false,200,0.9480,796.5,0.9210,143.2,251.5
clustered,4bit,4,false,500,0.9647,1400.5,0.9350,296.0,455.0
clustered,4bit_rot,4,true,20,0.3700,277.2,0.3610,25.4,40.8
clustered,4bit_rot,4,true,50,0.5720,432.0,0.5640,53.3,104.5
clustered,4bit_rot,4,true,100,0.7727,585.4,0.7630,90.1,183.1
clustered,4bit_rot,4,true,200,0.9327,790.4,0.8130,144.4,284.4
clustered,4bit_rot,4,true,500,0.9953,1471.8,0.8290,296.7,428.9
