kernel,bit_width,dimension,implementation,isa,access_pattern,query_prep_ns,score_ns,cycles_per_dim_est,scores_per_second_M,speedup_vs_scalar,bytes_per_score
scalar,1,128,scalar,arm64,sequential,0,189.63,6.519,5.3,1.00,16
lut,1,128,lut,arm64,sequential,1792,77.42,2.661,12.9,2.45,16
dot_autovec,1,128,autovec_superword,arm64,sequential,7417,233.59,8.030,4.3,0.81,16
scalar,1,128,scalar,arm64,random,0,212.26,7.296,4.7,1.00,16
lut,1,128,lut,arm64,random,2042,94.89,3.262,10.5,2.24,16
dot_autovec,1,128,autovec_superword,arm64,random,6958,266.97,9.177,3.7,0.80,16
scalar,2,128,scalar,arm64,sequential,0,191.23,6.573,5.2,1.00,32
lut,2,128,lut,arm64,sequential,2750,78.22,2.689,12.8,2.44,32
dot_autovec,2,128,autovec_superword,arm64,sequential,8084,79.26,2.724,12.6,2.41,32
scalar,2,128,scalar,arm64,random,0,217.78,7.486,4.6,1.00,32
lut,2,128,lut,arm64,random,2709,104.49,3.592,9.6,2.08,32
dot_autovec,2,128,autovec_superword,arm64,random,7208,147.84,5.082,6.8,1.47,32
scalar,4,128,scalar,arm64,sequential,0,192.73,6.625,5.2,1.00,64
lut,4,128,lut,arm64,sequential,8292,75.64,2.600,13.2,2.55,64
dot_autovec,4,128,autovec_superword,arm64,sequential,6917,81.35,2.796,12.3,2.37,64
scalar,4,128,scalar,arm64,random,0,248.13,8.529,4.0,1.00,64
lut,4,128,lut,arm64,random,8209,132.51,4.555,7.5,1.87,64
dot_autovec,4,128,autovec_superword,arm64,random,8667,177.91,6.116,5.6,1.39,64
scalar,32,128,scalar,arm64,sequential,0,61.29,2.107,16.3,1.00,512
scalar,32,128,scalar,arm64,random,0,171.44,5.893,5.8,1.00,512
scalar,1,384,scalar,arm64,sequential,0,623.07,7.139,1.6,1.00,48
lut,1,384,lut,arm64,sequential,4667,281.53,3.226,3.6,2.21,48
dot_autovec,1,384,autovec_superword,arm64,sequential,16042,709.13,8.125,1.4,0.88,48
scalar,1,384,scalar,arm64,random,0,640.60,7.340,1.6,1.00,48
lut,1,384,lut,arm64,random,5042,307.72,3.526,3.2,2.08,48
dot_autovec,1,384,autovec_superword,arm64,random,16875,736.87,8.443,1.4,0.87,48
scalar,2,384,scalar,arm64,sequential,0,609.35,6.982,1.6,1.00,96
lut,2,384,lut,arm64,sequential,6708,281.19,3.222,3.6,2.17,96
dot_autovec,2,384,autovec_superword,arm64,sequential,16292,239.77,2.747,4.2,2.54,96
scalar,2,384,scalar,arm64,random,0,641.75,7.353,1.6,1.00,96
lut,2,384,lut,arm64,random,7833,314.85,3.608,3.2,2.04,96
dot_autovec,2,384,autovec_superword,arm64,random,17375,294.64,3.376,3.4,2.18,96
scalar,4,384,scalar,arm64,sequential,0,612.57,7.019,1.6,1.00,192
lut,4,384,lut,arm64,sequential,26583,275.55,3.157,3.6,2.22,192
dot_autovec,4,384,autovec_superword,arm64,sequential,17375,245.43,2.812,4.1,2.50,192
scalar,4,384,scalar,arm64,random,0,664.67,7.616,1.5,1.00,192
lut,4,384,lut,arm64,random,53167,340.04,3.896,2.9,1.95,192
dot_autovec,4,384,autovec_superword,arm64,random,16250,334.08,3.828,3.0,1.99,192
scalar,32,384,scalar,arm64,sequential,0,228.94,2.623,4.4,1.00,1536
scalar,32,384,scalar,arm64,random,0,346.25,3.967,2.9,1.00,1536
scalar,1,768,scalar,arm64,sequential,0,1183.82,6.782,0.8,1.00,96
lut,1,768,lut,arm64,sequential,8167,615.54,3.527,1.6,1.92,96
dot_autovec,1,768,autovec_superword,arm64,sequential,29250,1373.37,7.868,0.7,0.86,96
scalar,1,768,scalar,arm64,random,0,1225.06,7.019,0.8,1.00,96
lut,1,768,lut,arm64,random,9291,640.50,3.670,1.6,1.91,96
dot_autovec,1,768,autovec_superword,arm64,random,31250,1410.74,8.082,0.7,0.87,96
scalar,2,768,scalar,arm64,sequential,0,1227.79,7.034,0.8,1.00,192
lut,2,768,lut,arm64,sequential,13625,611.37,3.503,1.6,2.01,192
dot_autovec,2,768,autovec_superword,arm64,sequential,32875,461.98,2.647,2.2,2.66,192
scalar,2,768,scalar,arm64,random,0,1248.71,7.154,0.8,1.00,192
lut,2,768,lut,arm64,random,96208,652.14,3.736,1.5,1.91,192
dot_autovec,2,768,autovec_superword,arm64,random,31458,517.77,2.966,1.9,2.41,192
scalar,4,768,scalar,arm64,sequential,0,1202.13,6.887,0.8,1.00,384
lut,4,768,lut,arm64,sequential,7833,608.18,3.484,1.6,1.98,384
dot_autovec,4,768,autovec_superword,arm64,sequential,32625,484.03,2.773,2.1,2.48,384
scalar,4,768,scalar,arm64,random,0,1245.05,7.133,0.8,1.00,384
lut,4,768,lut,arm64,random,8417,675.18,3.868,1.5,1.84,384
dot_autovec,4,768,autovec_superword,arm64,random,35500,566.99,3.248,1.8,2.20,384
scalar,32,768,scalar,arm64,sequential,0,578.96,3.317,1.7,1.00,3072
scalar,32,768,scalar,arm64,random,0,666.71,3.820,1.5,1.00,3072
scalar,1,1536,scalar,arm64,sequential,0,2405.73,6.891,0.4,1.00,192
lut,1,1536,lut,arm64,sequential,5542,1285.88,3.684,0.8,1.87,192
dot_autovec,1,1536,autovec_superword,arm64,sequential,56833,2761.14,7.910,0.4,0.87,192
scalar,1,1536,scalar,arm64,random,0,2448.64,7.014,0.4,1.00,192
lut,1,1536,lut,arm64,random,4166,1333.43,3.820,0.7,1.84,192
dot_autovec,1,1536,autovec_superword,arm64,random,57209,2773.56,7.945,0.4,0.88,192
scalar,2,1536,scalar,arm64,sequential,0,2431.40,6.965,0.4,1.00,384
lut,2,1536,lut,arm64,sequential,5750,1275.28,3.653,0.8,1.91,384
dot_autovec,2,1536,autovec_superword,arm64,sequential,57834,1017.22,2.914,1.0,2.39,384
scalar,2,1536,scalar,arm64,random,0,2468.75,7.072,0.4,1.00,384
lut,2,1536,lut,arm64,random,6500,1319.24,3.779,0.8,1.87,384
dot_autovec,2,1536,autovec_superword,arm64,random,59875,1040.91,2.982,1.0,2.37,384
scalar,4,1536,scalar,arm64,sequential,0,2367.27,6.781,0.4,1.00,768
lut,4,1536,lut,arm64,sequential,14791,1257.48,3.602,0.8,1.88,768
dot_autovec,4,1536,autovec_superword,arm64,sequential,60208,1067.84,3.059,0.9,2.22,768
scalar,4,1536,scalar,arm64,random,0,2549.84,7.304,0.4,1.00,768
lut,4,1536,lut,arm64,random,15583,1320.76,3.783,0.8,1.93,768
dot_autovec,4,1536,autovec_superword,arm64,random,60541,1144.87,3.280,0.9,2.23,768
scalar,32,1536,scalar,arm64,sequential,0,1260.94,3.612,0.8,1.00,6144
scalar,32,1536,scalar,arm64,random,0,1326.99,3.801,0.8,1.00,6144
