dataset,estimator,k,pool,target,mode,cal_qcount,mean_selected_depth,std_selected_depth,mean_heldout_recall,worst_heldout_recall,sla_miss_rate,best_fixed_depth,oracle_mean_depth,min100_recall,savings_vs_min100,savings_vs_fullpool,gap_to_best_fixed,gap_to_oracle,pool_recall
sift_real,ADC,10,1000,0.90,mean,200,150.0,0.0,0.9124,0.8860,0.40,150,205.2,0.8636,-0.500,0.850,0,-55.2,0.9980
sift_real,ADC,10,1000,0.90,conservative,200,190.0,20.0,0.9308,0.8860,0.20,150,205.2,0.8636,-0.900,0.810,40,-15.2,0.9980
sift_real,ADC,10,1000,0.95,mean,200,300.0,0.0,0.9636,0.9520,0.00,300,205.2,0.8636,-2.000,0.700,0,94.8,0.9980
sift_real,ADC,10,1000,0.95,conservative,200,420.0,98.0,0.9780,0.9520,0.00,300,205.2,0.8636,-3.200,0.580,120,214.8,0.9980
sift_real,ADC,10,1000,0.99,mean,200,500.0,0.0,0.9920,0.9840,0.20,500,205.2,0.8636,-4.000,0.500,0,294.8,0.9980
sift_real,ADC,10,1000,0.99,conservative,200,1000.0,0.0,0.9980,0.9960,0.00,500,205.2,0.8636,-9.000,0.000,500,794.8,0.9980
sift_real,HAMMING,10,1000,0.90,mean,200,460.0,80.0,0.9332,0.8680,0.20,500,363.2,0.7144,-3.600,0.540,-40,96.8,0.9844
sift_real,HAMMING,10,1000,0.90,conservative,200,500.0,0.0,0.9460,0.9320,0.00,500,363.2,0.7144,-4.000,0.500,0,136.8,0.9844
sift_real,HAMMING,10,1000,0.95,mean,200,1000.0,0.0,0.9844,0.9820,0.00,1000,363.2,0.7144,-9.000,0.000,0,636.8,0.9844
sift_real,HAMMING,10,1000,0.95,conservative,200,1000.0,0.0,0.9844,0.9820,0.00,1000,363.2,0.7144,-9.000,0.000,0,636.8,0.9844
sift_real,HAMMING,10,1000,0.99,mean,200,1000.0,0.0,0.9844,0.9820,0.80,1000,363.2,0.7144,-9.000,0.000,0,636.8,0.9844
sift_real,HAMMING,10,1000,0.99,conservative,200,1000.0,0.0,0.9844,0.9820,0.80,1000,363.2,0.7144,-9.000,0.000,0,636.8,0.9844
sift_real,CORRECTED,10,1000,0.90,mean,200,900.0,200.0,0.9560,0.8600,0.20,1000,491.8,0.5076,-8.000,0.100,-100,408.2,0.9780
sift_real,CORRECTED,10,1000,0.90,conservative,200,1000.0,0.0,0.9780,0.9700,0.00,1000,491.8,0.5076,-9.000,0.000,0,508.2,0.9780
sift_real,CORRECTED,10,1000,0.95,mean,200,1000.0,0.0,0.9780,0.9700,0.00,1000,491.8,0.5076,-9.000,0.000,0,508.2,0.9780
sift_real,CORRECTED,10,1000,0.95,conservative,200,1000.0,0.0,0.9780,0.9700,0.00,1000,491.8,0.5076,-9.000,0.000,0,508.2,0.9780
sift_real,CORRECTED,10,1000,0.99,mean,200,1000.0,0.0,0.9780,0.9700,1.00,1000,491.8,0.5076,-9.000,0.000,0,508.2,0.9780
sift_real,CORRECTED,10,1000,0.99,conservative,200,1000.0,0.0,0.9780,0.9700,1.00,1000,491.8,0.5076,-9.000,0.000,0,508.2,0.9780
isotropic,ADC,10,1000,0.90,mean,200,1000.0,0.0,0.8860,0.8780,1.00,1000,622.6,0.4680,-9.000,0.000,0,377.4,0.8860
isotropic,ADC,10,1000,0.90,conservative,200,1000.0,0.0,0.8860,0.8780,1.00,1000,622.6,0.4680,-9.000,0.000,0,377.4,0.8860
isotropic,ADC,10,1000,0.95,mean,200,1000.0,0.0,0.8860,0.8780,1.00,1000,622.6,0.4680,-9.000,0.000,0,377.4,0.8860
isotropic,ADC,10,1000,0.95,conservative,200,1000.0,0.0,0.8860,0.8780,1.00,1000,622.6,0.4680,-9.000,0.000,0,377.4,0.8860
isotropic,ADC,10,1000,0.99,mean,200,1000.0,0.0,0.8860,0.8780,1.00,1000,622.6,0.4680,-9.000,0.000,0,377.4,0.8860
isotropic,ADC,10,1000,0.99,conservative,200,1000.0,0.0,0.8860,0.8780,1.00,1000,622.6,0.4680,-9.000,0.000,0,377.4,0.8860
isotropic,HAMMING,10,1000,0.90,mean,200,1000.0,0.0,0.7256,0.6940,1.00,1000,689.8,0.2748,-9.000,0.000,0,310.2,0.7256
isotropic,HAMMING,10,1000,0.90,conservative,200,1000.0,0.0,0.7256,0.6940,1.00,1000,689.8,0.2748,-9.000,0.000,0,310.2,0.7256
isotropic,HAMMING,10,1000,0.95,mean,200,1000.0,0.0,0.7256,0.6940,1.00,1000,689.8,0.2748,-9.000,0.000,0,310.2,0.7256
isotropic,HAMMING,10,1000,0.95,conservative,200,1000.0,0.0,0.7256,0.6940,1.00,1000,689.8,0.2748,-9.000,0.000,0,310.2,0.7256
isotropic,HAMMING,10,1000,0.99,mean,200,1000.0,0.0,0.7256,0.6940,1.00,1000,689.8,0.2748,-9.000,0.000,0,310.2,0.7256
isotropic,HAMMING,10,1000,0.99,conservative,200,1000.0,0.0,0.7256,0.6940,1.00,1000,689.8,0.2748,-9.000,0.000,0,310.2,0.7256
isotropic,CORRECTED,10,1000,0.90,mean,200,190.0,20.0,0.9248,0.8900,0.20,200,247.4,0.8464,-0.900,0.810,-10,-57.4,0.9964
isotropic,CORRECTED,10,1000,0.90,conservative,200,200.0,0.0,0.9316,0.9160,0.00,200,247.4,0.8464,-1.000,0.800,0,-47.4,0.9964
isotropic,CORRECTED,10,1000,0.95,mean,200,300.0,0.0,0.9620,0.9480,0.20,300,247.4,0.8464,-2.000,0.700,0,52.6,0.9964
isotropic,CORRECTED,10,1000,0.95,conservative,200,380.0,98.0,0.9668,0.9480,0.20,300,247.4,0.8464,-2.800,0.620,80,132.6,0.9964
isotropic,CORRECTED,10,1000,0.99,mean,200,1000.0,0.0,0.9964,0.9920,0.00,1000,247.4,0.8464,-9.000,0.000,0,752.6,0.9964
isotropic,CORRECTED,10,1000,0.99,conservative,200,1000.0,0.0,0.9964,0.9920,0.00,1000,247.4,0.8464,-9.000,0.000,0,752.6,0.9964
clustered,ADC,10,1000,0.90,mean,200,1000.0,0.0,0.6828,0.6160,1.00,1000,717.4,0.2044,-9.000,0.000,0,282.6,0.6828
clustered,ADC,10,1000,0.90,conservative,200,1000.0,0.0,0.6828,0.6160,1.00,1000,717.4,0.2044,-9.000,0.000,0,282.6,0.6828
clustered,ADC,10,1000,0.95,mean,200,1000.0,0.0,0.6828,0.6160,1.00,1000,717.4,0.2044,-9.000,0.000,0,282.6,0.6828
clustered,ADC,10,1000,0.95,conservative,200,1000.0,0.0,0.6828,0.6160,1.00,1000,717.4,0.2044,-9.000,0.000,0,282.6,0.6828
clustered,ADC,10,1000,0.99,mean,200,1000.0,0.0,0.6828,0.6160,1.00,1000,717.4,0.2044,-9.000,0.000,0,282.6,0.6828
clustered,ADC,10,1000,0.99,conservative,200,1000.0,0.0,0.6828,0.6160,1.00,1000,717.4,0.2044,-9.000,0.000,0,282.6,0.6828
clustered,HAMMING,10,1000,0.90,mean,200,1000.0,0.0,0.4576,0.4200,1.00,1000,620.3,0.1020,-9.000,0.000,0,379.7,0.4576
clustered,HAMMING,10,1000,0.90,conservative,200,1000.0,0.0,0.4576,0.4200,1.00,1000,620.3,0.1020,-9.000,0.000,0,379.7,0.4576
clustered,HAMMING,10,1000,0.95,mean,200,1000.0,0.0,0.4576,0.4200,1.00,1000,620.3,0.1020,-9.000,0.000,0,379.7,0.4576
clustered,HAMMING,10,1000,0.95,conservative,200,1000.0,0.0,0.4576,0.4200,1.00,1000,620.3,0.1020,-9.000,0.000,0,379.7,0.4576
clustered,HAMMING,10,1000,0.99,mean,200,1000.0,0.0,0.4576,0.4200,1.00,1000,620.3,0.1020,-9.000,0.000,0,379.7,0.4576
clustered,HAMMING,10,1000,0.99,conservative,200,1000.0,0.0,0.4576,0.4200,1.00,1000,620.3,0.1020,-9.000,0.000,0,379.7,0.4576
clustered,CORRECTED,10,1000,0.90,mean,200,1000.0,0.0,0.9400,0.9160,0.00,1000,487.3,0.5216,-9.000,0.000,0,512.7,0.9400
clustered,CORRECTED,10,1000,0.90,conservative,200,1000.0,0.0,0.9400,0.9160,0.00,1000,487.3,0.5216,-9.000,0.000,0,512.7,0.9400
clustered,CORRECTED,10,1000,0.95,mean,200,1000.0,0.0,0.9400,0.9160,0.60,1000,487.3,0.5216,-9.000,0.000,0,512.7,0.9400
clustered,CORRECTED,10,1000,0.95,conservative,200,1000.0,0.0,0.9400,0.9160,0.60,1000,487.3,0.5216,-9.000,0.000,0,512.7,0.9400
clustered,CORRECTED,10,1000,0.99,mean,200,1000.0,0.0,0.9400,0.9160,1.00,1000,487.3,0.5216,-9.000,0.000,0,512.7,0.9400
clustered,CORRECTED,10,1000,0.99,conservative,200,1000.0,0.0,0.9400,0.9160,1.00,1000,487.3,0.5216,-9.000,0.000,0,512.7,0.9400
